number,text
1,"情報と情報技術を活用して問題を発見・解決するために,情報の成り立ちや情報の代表的な特性,メディアの特性を理解する。"
2,"事象や現象を数字や文字などで記号化したものがデータであり,意味や価値が付加されたデータやメッセージを情報という。得られた情報を分析し蓄積したものが知識である。一般には,情報という言葉の意味は広く,データやメッセージ,知識を含めて指す場合もある。また,表現,伝達,記録など,情報のやりとりを媒介するものをメディアという。"
3,"情報は,人が判断をしたり行動を起こしたりする際に必要なものであり,また,意思決定を行う上で欠かせないものである。私達は,情報を基に,問題を発見したり,その原因を考えたり,解決策を決定したりする。コンピュータや情報通信技術が発達した現代の情報社会では,情報やメディアの特徴を正しく理解し,情報を適切に扱う力が求められている。"
4,"情報の代表的な特性として,以下の4つがあげられる。 1.形がない 2.消えない 3.簡単に複製できる 4.容易に伝播する これらの特性は,「もの」と比較して考えると分かりやすい。"
5,"一方で,情報には「形がない」ことから,情報をやりとりするにはメディアが媒介することになる。"
6,"表現手段としてのメディアには,文字,音声,静止画,動画などがある。事象や事実を伝えるには静止画や動画が,また,明確な意図を持ったメッセージを伝えるためには,文字・音声が良く用いられるなど,私たちは目的に合わせて意図的にメディアを使い分ける。同様に,郵便,電話,新聞,インターネットなどの伝達手段としてのメディアについても,伝えたい相手がどこにいるのか,特定の者に伝えたいのか,すぐに伝えたいのか,などという観点から,メディアの特性を意識して使い分けている。情報を記録しておくために使われるメディアについても同じように,容量や手軽さ,対応する情報機器などによって使い分けられている。"
7,"問題解決の流れを理解し,問題の明確化の重要性を理解するとともに,解決方法により効率や結果が異なることがあることを理解する。"
8,問題という用語は「あるべき理想の姿と現実とのギャップ」や「解決や解消を必要とする状況」などという意味で良く用いられる。
9,"ただし,問題には,例えば「特定の機能を持つプログラムを指定した言語で作成する」というような,ゴール(理想の姿)やそこに到達する手段が既に明示されているようなもの(「課題」と呼ばれることがある)のほか,「ロッカーの鍵を忘れやすく困っている」といった,自らゴール(理想の姿)を設定したり,そこに到達する手段を自ら検討したりしなければならないようなものも存在する。"
10,"問題を発見することは,問題解決を行う上での基本的な第一歩であるが,生徒の状況や時間数などに応じて,教師側で適切な課題やテーマ等を設定しても良い。ただし,問題解決は,単なる「調べただけ」の学習に留まらず,そこから主体的に何かを考えたり判断したりしながら,解決された状態に近づけるための行動を伴うように授業設計をするべきである。そのためにも,ゴール(理想の姿)の設定は非常に重要な要素となる。"
11,"問題解決の手順としては,問題の性質に応じていろいろな方法があるが,情報科の学習過程のイメージとして,次のような進め方や,PDCAサイクルなどがある。"
12,"問題解決の過程において,情報収集や分析にどのようにICT機器を活用するのか,また,アンケート調査を行うにあたって,どのような問いや選択肢を設定するのか,などによっても,結果や効率が変わってくる可能性がある。効率や手間をある程度想定させ,ゴールを意識しながら問題解決を行わせるような指導が必要である。"
13,"問題解決を進める上で,情報を収集・分析し,原因や解決策を効果的に考えることは欠かせない。そのために,目に見えないアイデアや考えなどの情報を可視化することは非常に重要である。"
14,"情報を可視化する方法として,まずは言葉に表現(記号化)することが考えられる。アイデアを生み出す上では,ブレーンストーミングが良く用いられる。"
15,"ブレーンストーミングは,米国の広告代理店BBDO社のA・F・オズボーンが考案した手法である。この手法は,彼が1788年にフリードリッヒ・シラーというドイツの詩人が,アイデアが浮かばないと嘆く友人に宛てた手紙からヒントを得たものと言われている。"
16,ブレーンストーミングには以下の4つのルールがある。
17,"アイデアを整理し可視化する有効な手法として,アイデアをそれぞれカードに記し,二次元に配置しながらグループ化したり表題をつけたり関連づけたりするなどして有意な解釈や新たなアイデアなどを生み出す方法や,アイデアや項目などを一定のルールのもとに線でつなぎながら関連を分かりやすく示す方法などがある。前者の代表的な例として「KJ法」が,後者の代表的な例として「ロジックツリー」「コンセプトマップ」などが挙げられる。解決策を決定する場面などでは,座標軸を基に2つの評価項目を設定し,それぞれのアイデアを評価し配置しながら解決策の決定理由を可視化させるという方法もある。"
18,"また,数値などの情報をわかりやすく表現する手段として,2次元配列で表したマトリクス表を作成したり,グラフ化したりする方法がある。マトリクス表は表計算ソフトウェアを用いて活用することもでき,いくつかの解決策を評価する上で利用することもできる。"
19,"問題解決の手順を繰り返し,問題を継続的に改善していくことによって,次の新たな問題を発見し向上していくことができるようになる。結果と理想とを比較し,どの部分を改善すると効果的かを考え,次の問題解決につなげることを意識する必要がある。特に,情報発信を振り返りの一つの大きな場面として利用し,他者からフィードバックをもらうことは重要である。"
20,"情報発信や共有の方法には,例えば次のようなものが考えられる。状況に応じて発表方法を使い分けるなど,効果的なフィードバックにつながるようにすると良い。"
21,"また,情報発信においては,社会の問題解決に貢献している,という側面を意識させることも大切である。特に,生徒が享受している教科書などの知識は,先人たちの努力の積み重ねであり,誰かがそれを発信・共有してくれたからこそ存在している点に気付かせたい。自分自身では大したことのない内容と思っていても,例えば,失敗も含め,その内容を必要とする後輩の生徒が現れるかもしれない。「勉強は自分自身のため」というだけでなく,発信することによって,社会の役に立つ可能性があることを生徒に理解させるとともに,その意味でも,発信内容を分かりやすく整理し,論理的にまとめることの重要性を理解させると良いだろう。"
22,"平成30年の警察白書によれば,サイバー犯罪は次の3つの類型に区別されている。 1.不正アクセス禁止法違反 2.コンピュータ・電磁的記録対象犯罪等 3.ネットワーク利用犯罪"
23,"インターネットの世界的な発展に伴い,サイバー犯罪は増加し,多様化・高度化し続けている。ネットワークが身近な存在となり世の中が便利で快適になる一方で,サイバー犯罪の脅威も増加している。便利さの裏側にある危険性を理解した上で,社会としても個人としても適切に判断・行動することが求められる。"
24,"なお,ネットワークを利用したサイバー犯罪には次のような特徴がある。 1.匿名性が高い ネットワークだけのやり取りであれば,相手の名前はもちろん,年齢も性別も分からない。実際に会う機会もないので,相手が誰かになりすましている可能性もある。悪意を持った相手がネットワークを通じて犯罪を行った場合,その人物を特定することは難しい。"
25,"痕跡が残りにくい ネットワーク上で活動した痕跡は,システムの使用履歴(ログ)等の電子データのみであり,紙や指紋のような物理的証拠は残らない。犯人によってログが消されたり改ざんされたりした場合は,犯人の特定がさらに困難になる。"
26,"不特定多数が被害を受ける ネットワーク上のサーバなどがサイバー犯罪の目標になると,広域の不特定多数の人が被害を受ける。それが交通,ガス,電気などに関わるものであれば,その影響は甚大である。コンピュータウィルスなども不特定多数の人に被害を及ぼす例である。"
27,"時間と空間の制約がない ネットワークを用いると,地球の裏側にも瞬時にデータを届けることができる。悪意を持った相手にとっては,地球全体が犯罪の対象であり,そこに時間と空間の制約はない。"
28,"ネットワークを利用した犯罪としては,ネット上で他人の名誉を棄損したり,無責任なうわさを流したりする人権侵害・誹謗中傷行為,他人のプライバシー情報や個人情報を勝手に開示したりするプライバシー権侵害・個人情報流出などをあげることができる。詐欺やマルウェアなども,年々新しい手法が出てきているため,常に最新の情報を基に対策を立てるようにしていく必要がある。"
29,"情報システムを安心して利用するには,情報セキュリティ対策が必要である。情報セキュリティとは,情報の機密性・完全性・可用性(情報セキュリティの3要素)を確保することである。"
30,"情報システムを運用する場合にはこのような情報セキュリティ対策を考慮しなけれ ばな らな い。た だし,どのような情報システムでもこの3要素を最大限に確保しなければならないのかとい うと,そう では ない。導入コストや運用コストなどとのトレードオフも考慮しながら,情報システム毎に3要素の重要度を検討する必要がある。"
31,"2006年制定のJIS Q 13335-1ではさらに真正性(authenticity),責任追跡性(accountability),信頼性(reliability),否認防止(non-repudiation)を加えて7要素と呼ぶ(JIS Q 13335-1はのちにJIS Q 27000シリーズに置き換えられた)。"
32,"これらを実現するためには,認証技術は欠かすことができない。認証はユーザIDとパスワードを使って行うことが多い。一般の利用者が情報システムを利用するにあたり,設定するパスワードは通常,英数字,記号などを組み合わせ,他の人に容易に推測されない複雑なものにする必要がある。"
33,"安全なパスワードを設定しても,パスワードが他人に漏れてしまえば意味がないため,パスワードの保管に関しても留意しなければならない。特に,他人に教えない,電子メール等でやりとりしない,ディスプレイなど他人の目に触れる場所に貼らないということは気を付けておきたい。"
34,"近年,様々なサービスが登場しており,目的に応じてサービスを使い分けることが増えてきた。パスワードの管理が面倒だからと複数のサービスでパスワードを使い回すと,あるサービスのアカウント情報が流出してしまった場合に,その情報を使って別のサービスにログインされてしまう可能性があり,そのような攻撃手法が実際に報告されている。"
35,"なお,アカウントの乗っ取りやパスワード流出の事実がない限りは,定期的にパスワードを変更しなくてもよいという考え方もある。定期的なパスワード変更を求められるサービスはこの限りではないが,そのような変更を行うことにより,パスワードの作り方がパターン化し,容易に推測しやすいものを用いてしまう可能性もある。"
36,"サービスによっては,生体認証や二要素認証の導入も進んでいる。生体認証とは,人間の身体的特徴や行動の癖などを用いて行う個人認証技術のことで,指紋や虹彩,静脈などの情報を用いた認証が一般的である。二要素認証とは,知識情報,所持情報,生体情報のうち2つを組み合わせて行う認証のことであり,2段階認証やトークンを用いた認証がある。"
37,"インターネットが普及する前からコンピュータウイルスは存在している。ネットワークが普及する前はフロッピーディスクなどを媒体としていた。1995年の通商産業省(現・経済産業省)による定義では「第三者のプログラムやデータベースに対して意図的に何らかの被害を及ぼすように作られたプログラムであり,『自己伝染機能』『潜伏機能』『発病機能』のうち1つ以上を備えるもの」がコンピュータウイルスである。コンピュータに入りこんで不正行為を行う悪意のあるプログラムのことをマルウェアと呼び,これは広義のコンピュータウイルスに当たる。"
38,"マルウェアはいずれもファイルやシステムに悪い影響を与えたり,データ漏洩の原因になったりすることがある。具体的には以下のようなものがある。"
39,"昨今では,ディスク上に実行ファイルを持たず検知が困難なファイルレスマルウェアやBluetoothの脆弱性をつく新しい攻撃も増加している。マルウェアは日々増え続け,また過去のものも残り続ける。過去のマルウェアの亜種の出現や,海外で流行したマルウェアの国内での流行もあるため,ウイルス対策ソフトウェアを導入し,常にウイルス定義ファイルを最新に保っておく必要がある。"
40,"コンピュータはプログラムで動いている。プログラムには設計ミスなどにより,セキュリティホールが存在することがある。OSやアプリケーションソフトウェアのセキュリティホールなどの不具合を放置しておくと,不正侵入やコンピュータウイルスの侵入を許す危険がある。そのため,OSやソフトウェアも最新の状態に更新しておく必要がある。"
41,"ファイアウォールを導入し,ネットワークへの不正侵入を防ぐことも有効な手段であり,パーソナルファイアウォールを各コンピュータに導入し,コンピュータへの不正侵入を防ぐことも効果的である。"
42,"基本方針では「なぜ情報セキュリティが必要か」をはっきりさせるとともに守るべき情報資産と責任者及び組織体制を明確にする。対策基準は「何を実施しなければならないか」,実施手順は「どのように実施するか」について定めたものである。通常は,基本方針と対策基準をあわせて,セキュリティポリシーといい,組織においては,これらを構成員に周知し,実施手順を含めて組織全体で運用できるように考える必要がある。また,情報セキュリティに関する状況は常に変化するため,情報セキュリティポリシーは常に評価・見直しを続ける必要がある。"
43,"従来,コンピュータウイルスなどはいたずら目的で不特定多数のコンピュータを感染させることが多かったが,ターゲットを絞って感染させる「標的型メール攻撃」が増えている。手口としてはメールの件名や送信者名を偽装し,内部関係者を装ってウイルス添付のメールを送信する方法である。これらは個人情報や技術・機密情報などの知的財産,金銭的利益の取得や破壊行為を目的として行われる。"
44,"組織として,このような怪しいメールは開かない等のルールを決めて守っていく必要があるが,個人としても様々な手法を理解しておく必要がある。 さらに,パスワードなどの重要な情報について情報通信技術を使用せずに盗み出すソーシャルエンジニアリングへの対策も必要になってくる。代表的な手法としては利用者または管理者になりすまして電話でパスワードを聞き出す,パスワードを入力しているところを肩越しに見る(ショルダーハッキング),ごみ箱を漁る(トラッシング)などが挙げられる。"
45,"街中では公衆無線LANが増えてきているが,無線の性質上,通信内容が傍受(盗聴)される危険性があることを理解しておく必要もある。特に,悪意ある第三者が無線LANを設置している場合もあるため,利用時には信頼できるものかどうかの確認が必須である。無線LANの暗号化の方法にも気を付けると良い。古い暗号方式では数秒で暗号が解読されることもあるため,常に最新の暗号方式を利用することが推奨される。"
46,"無線LANアクセスポイントを設置する場合にはMACアドレスによるフィルタリングを設定し,接続できる端末を制限する,SSIDには利用者や組織名を使わずにステルス機能を利用するなど第三者に利用されにくい設定を心がけて利用したい。"
47,"インターネット(Web)は常時暗号化の流れとなっている。httpsで安全に通信できないサイトは利用を控える,ユーザ名・パスワード入力はhttps通信時のみとするということも忘れずに心がけていきたい。"
48,"知的財産権とは,人間の幅広い知的創造活動の成果について,その創作者に一定期間の権利保護を与えるようにした制度である。知的財産権は,申請の必要な産業に関する産業財産権と,申請の必要がない文化や芸術に関する著作権に大きく分けられる。"
49,"情報機器等が普及し,デジタル化が進んだことにより,映像,音楽,イラストや写真,文章など多くの著作物を手軽に利用でき,また複製できるようになった。手軽に利用できるようになったからこそ,知らぬ間に著作権を侵害してしまうことのないように,著作権についてよく理解した上で,著作物を守り活用していく姿勢が求められる。"
50,"著作権法については数年に一度の頻度で 改正 され てい る。文化庁のサイトで常に最新の情報を得てお きた い。ま た,公益社団法人著作権情報センターでも著作権Q&Aを公開している。著作物の扱いについて迷ったときにはこのようなサイトで最新の情報を確認しよう。"
51,"特許権,実用新案権,意匠権,商標権を総称して産業財産権といい,新しい技術やデザインなどに対して独占的に使用できる権利が与えられ,模倣されないように保護される。これらは,特許庁に出願し,登録することで権利が発生する。なお,権利の性質上,商標権は更新が可能となっている。図のように,身近な情報機器端末のスマートフォンにはたくさんの産業財産権が関係している。"
52,"2003年に成立した「個人情報の保護に関する法律」(以下,「個人情報保護法」という)では,個人情報を以下のように定義している。"
53,"「生存する個人に関する情報であって,当該情報に含まれる氏名,生年月日その他の記述などによって特定の個人を識別できるもの(他の情報と容易に照合することができ,それによって特定の個人を識別することができることとなるものを含む。),または個人識別符号が含まれるもの。」"
54,"個人情報の例としては,マイナンバーやパスポート番号などの個人識別符号をあげることができる。同姓同名がいない場合は,氏名がわかれば個人を特定することができ,DNA,虹彩,指紋,声紋などの生体情報も個人を識別するものとして利用することができる。"
55,"19世紀末に米国の法律家であるサミュエル・D・ウォーレンスとルイス・D・ブランダイスが,一人にしておいてもらう権利(私生活をみだりに他人の目にさらされない権利)として「プライバシーの権利」を主張した。当時の米国は大衆紙の勃興期であり,人の生活を暴くジャーナリズムの過熱があったとも言われている。その後,プライバシーは人権の観点からも考えられ,保護されるようになった。"
56,"現在の個人情報の扱いの考え方の基本になっているのは,1967年にコロンビア大学のアラン・ウェスティン博士が著書の中で述べた「自己に関する情報をコントロールする権利」であると考えられる。コンピュータが個人の情報を扱うようになると,ヨーロッパの各国では個人データの処理を適切にするために法規制を検討するようになった。OECD(経済協力開発機構)では,「プライバシー保護と個人データの国際流通についてのガイドライン」を理事会によるプライバシーの勧告として公表した。これは,OECDプライバシー8原則ともよばれている。"
57,"日本では,この勧告を受けて法整備が行われ,2003年に個人情報保護法が成立し,2005年に全面施行された。2015年の改正の際に「3年ごとの見直し規定」が設けられて現在に至っている。"
58,"企業や行政機関は,個人情報保護法に定められた個人情報の扱いが義務付けられており,それに反した場合は罰則が定められている。我々は,個人情報を持つ企業や行政機関について,開示,訂正,利用停止等を求めることができる権利が保障されているので,これらを適切に行使して自分の個人情報を適切に保つことができる。"
59,"最近は,SNS等で自分の情報を簡単に発信することができる。公開する情報,非公開にする情報などについて,その影響も考えて適切に管理することが求められる。自分自身が情報を発信しなくても,友人や知人の投稿で自分が一緒にいたことが書かれている場合もある。このような断片的な情報を検索して組み合わせることで本人の名前や住所などの個人情報,趣味・嗜好などがわかる場合もある。特に写真については,位置情報が付いている場合は,それだけで場所が確定し,位置情報が付いていなくても背景などの映り込みから場所が知られてしまう場合もある。"
60,"SNS等で不適切な投稿などが行われた際の社会の反応は厳しさを増している。投稿者の個人情報を調べ上げてネットで公開するなどの過熱した例も一部に見られるなど,問題となっているものもある。不必要な個人情報の公開も含めて情報の発信には十分な配慮が必要である。"
61,"一般的なアプリの使用についても注意が必要である。例えば,情報の公開範囲の設定を間違えると思わぬところに情報が伝わり,トラブルを招く場合がある。適切な情報の公開範囲が設定できない場合は,アプリの使用を取り止める判断も必要である。悪意のあるアプリでは,使用者の知らないうちに個人情報を抜き出して送信するものもある。ダウンロードに際しては信頼できる場所から行うこと,マルウェア対策ソフトをインストールしておくことが必要である。"
62,"個人情報は自分でコントロールしていくものであるため,当然ながら個人データを勝手に第三者に提供したり,提供されたりしてはいけない。グループ会社や子会社への提供も第三者への提供となる。そのような場合には原則としてあらかじめ本人の同意を得なければならない。ただし,次のような場合は例外的に,本人の同意を得なくても個人情報を提供することができる。"
63,"個人情報保護法の改正に伴い,個人情報の扱いも見直されている。"
64,"2015年の改正では,パーソナルデータの利活用を推進するため,本人の同意を得ずにデータの受け渡しが可能となるよう,適切な加工を施した情報を匿名加工情報として新たに定義している。適切な加工とは,特定の個人を識別できないようデータを加工するとともに、元の個人情報への復元を不可能にする加工のことを指す。"
65,"匿名加工情報を活用することにより,具体的には以下のような効果が期待されている。"
66,"法改正前の事例ではあるが,平成19年12月に,埼玉県と本田技研工業(株)は「埼玉県とHondaの道路交通データ提供に関する協定」を締結し,道路を安心して快適に走行できる空間とするためのビッグデータ活用の取り組みを行っている。"
67,"埼玉県は,Hondaが保有する走行速度やカーナビデータの提供を受け,道路の危険箇所を特定し県内で160か所の安全対策を実施した結果,平成23年度までに急ブレーキが約7割,人身事故も約2割減るなど大きな効果が見られた。またHondaは,埼玉県より道路災害情報や路上規制情報などの提供を受け,カーナビのサービス品質の向上に役立てることができる。"
68,"インターネットが発達して以来,パソコンがインターネットを利用する主な手段 であ り,2008年に はお およ そ85 %の家庭にパソコンが 普及 して いた。2004年にmixi(ミク シー)が,2008年にFacebookが日 本でサービスを開始することによって,別々のサービスとして提供されていた,メール(SMS),掲示板,ブログ,チャット等の機能が,一つのSNSの中に統合的に扱われるようになった。それに伴い,インターネット上で個人認証を行うことで,特定の相手と一対一のコミュニケーションを行ったり,また,特定多数とやりとりしたりできるようなサービスが本格的に普及してきたと考えられる。"
69,"しかしながら,当時はインターネットを利用する主な情報機器がパソコンであり,かつ,個人個人でパソコンを持つというよりも,むしろ,1台のパソコンを家族で共有するスタイルが中心であったと考えられるため,SNSは,高校生が頻繁に利用するサービスというよりも,普段から自宅でパソコンを頻繁に利用している大人の層を中心に普及したものと考えられる。"
70,"その後,2010年からスマートフォンが爆発的に普及し,2017年には,スマートフォンの世帯保有率がパソコンを上回る状況になっている。スマートフォンが普及することにより,インターネットを閲覧する場合においても,家に1台のパソコンを家族で一緒に利用する方法から,生徒を含めた各個人が,スマートフォンからインターネットにアクセスすることが一般的になっていると考えられる。このことは,居間にあり家族共用で使っていた電話が,携帯電話の普及によって一人一人が電話を持つようになり,個人が直接やりとりする情報機器に変化した状況とよく似ている。このように,インターネットの利用についても,家族共用で利用されていたものが個人的なものに変化してきたと捉えることもできる。"
71,"2011年にはLINEがサービスを開始,日本でTwitterが普及しはじめるなど,スマートフォンの高校生への普及とともに,SNSは日本の高校生が他の生徒とコミュニケーションを行う上でのインフラとして定着しつつある。2017年の資料によると,10代の電子メール利用率が低く,反面,ソーシャルメディアの利用率が突出していることがわかる。これは,例えば,LINEのサービス1つで,通話もショートメッセージも掲示板の役割も全て無料でカバーできており,特に掲示板の機能では,画像や動画を配信できるだけでなく,感情を表すスタンプなど,効果的なコミュニケーションが行えることなどに起因しているものとも考えられる。"
72,"情報技術の発展が社会へのコミュニケーションの利便性を高め人の生活を豊かにさせる反面,情報格差,健康への影響,いじめや犯罪に巻き込まれるなどの負の面も生じていることを理解する。"
73,"スマートフォンなど個人が所有する情報機器の普及はSNSの普及につながり,コミュニケーションの利便性の向上につながっていると考えられる反面,年齢や所得など,個人の技術や社会環境の差により格差(デジタルデバイド)が生じ,新しい情報を手に入れる機会や量が異なることがある。"
74,"総務省の資料によると,2017年で は, 13歳から59歳までの年齢でインターネット利用率が90%を超えている反面,60歳を超えると急速に利用率が下がり,80歳以上では,おおよそ5人に1人しか利用していない。また,所属世帯年収別の利用率では,400万円以上 の世帯が85%以上の利 用率 に対し,200万円未満では54.2%と,おおよそ2人に1人しか利用していないこともわかる。さらに,ソーシャルメディアの利用時間や行為者率(その情報行動を行った人の比率)を見てみても,年々増加傾向にはあるものの,30代を超えると年齢とともに少なくなり,60代ではおおよそ10人に1人程度しかソーシャルメディアを利用していない様子もうかがえる。"
75,"さらに,年齢階層別インターネット利用の目的・用途によると,13 ~ 19歳と60歳以上で対照的な様子がわかる。平成29年情報通信メディアの利用時間と情報行動に関する調査とも照らし合わせてみると,13 ~ 19歳では,ネットの利用時間も長く,多くがSNSをよく利用し,また,動画投稿を楽しむ姿が見られる反面,コミュニケーション手段として電子メールはあまり利用せず,テレビは見るが時間が短く,また,ニュースサイトや新聞はあまり読んでいない様子が見て取れる。情報源として,SNSや動画投稿・共有サイト,友人とのチャットが中心であるように読み取れる。60歳以上は,ネットの利用時間が短くSNSや動画共有サイトはあまり利用していないが,ニュースサイトを閲覧している割合が高く,新聞やテレビを情報源としている様子も読み取れる。年代によって,情報収集やコミュニケーションの様子が異なっているのがわかる。"
76,"また,情報機器の普及は,これらを利用して仕事をしている人に対して,目が疲れたり肩こりが生じたりという身体的な症状や,また,過度に情報機器に依存してしまう不安症などという健康被害(テクノストレス)を生じさせることもある。特に,2018年に発表された内閣府による青少年のインターネット利用環境実態調査の結果によると,平日1日当たり,高校生の53.8%が3時間以上インターネットを利用しており,5時間以上利用している者も26.1%に上るという。利用目的として,上位からコミュニケーション(89.8%),動画視聴(84.9%),音楽試聴(83.3%)と報告されている。いわゆる依存的な状況が大きな問題となっている。"
77,"また,警視庁サイバー犯罪対策プロジェクト2018年の資料によると,スマートフォン所有・利用状況の増加に伴い,SNSに起因する事犯の被害児童数は増加しており,2017年には1,813件となっている。詐欺や悪質商法 に関 する 相談 も67,268件,ネットオークションに関する相談についても5,771件と,高い数字となっている。"
78,"情報社会は光と影の両面を持っている。残念ながら良い点ばかりではなく,問題も生じているのが現実である。しかし,事故が起こるからといって,世の中から電車や自動車を無くそう,ということが現実的ではないのと同じように,問題があるからといって,今からインターネットがない社会に逆戻りすることはできないだろう。そのためにも,光の面は十分に享受するとともに,問題解決の考え方を利用し,問題点を明確にし,具体的な理想を明らかにして分析を進めるとともに,情報や情報技術を効果的に利用しながら,知恵や思考力をもって生徒自身の力で影の面を無くしていく方向に促すことは重要である。」"
79,"電子マネーとは,電子的なデータのやりとりにより,現金の代わりに決済できるサービスをさす場合が多い。 電子マネーは日本銀行が発行する貨幣ではなく,その利用範囲も,発行元である企業やサービス加盟店によって 異なる。"
80,"電子マネーは私たちの生活と密接に関わっている。例えば電車・バスなどの交通機関を利用する際は,交通系ICカー ドなどを利用して電子マネーによる支払いを行うことが多い。また,スーパーマーケット・コンビニエンスストアなどで 買い物をする際は,各店舗に対応したICカードやスマートフォンサービスなどを利用することで,商品の購入を行って いる場合が増えてきている。"
81,"現在のICカードは非接触型ICカードの技術方式を用いたFelicaを利用する方式が普及している。FelicaはIC乗車券や電子マネーの他,学生証や社員証といったIDカード,マンションの電子キーの他,健康機器や家電製品にも搭載が進んでいる。携帯電話,スマートフォンの機能にあるおサイフケータイはこのFeliCaを利用している。"
82,"中国や韓国ではキャッシュレス化が進んでおり,そこではQRコード決済も利用されている。決済方法は, 1.店舗が用意したQRコードを客が読み取る方法 2.客のスマートフォンでQRコードを表示し,店員がそのQRコードを読み取る方法 の2種類がある。"
83,"日本でも,いくつかの企業によってQRコード決済ができるサービスが提供されはじめている。中でも店頭での支払いだけでなく,個人間での送金が可能になっているサービスは,利用者にとっては魅力が大きい。"
84,"新たなQRコード・バーコード決済の普及段階であるため,様々な企業が,このサービスに参入しているところである。"
85,"2018年,一部のコンビニエンスストアでは無人決済の実証実験を都内一部の店舗でスタートした。アプリで商品をスキャンし,決済することでレジに並ばずに買い物ができるサービスである。スマートフォンが普及し,さらにカメラやネットワークが発達したことによる新たな支払い方法の登場である。海 外で は,2018年1月,アメリカ・シアトルにこの方式の1号店がオープンした。利用するにはサービスを提供する会社のアプリをスマートフォンにインストールしておく必要がある。入店時にゲートでQRコードを読み取らせ,欲しい商品を手に携えるか買い物袋に入れ店舗を出るだけで自動的に会計が行われるものであり,たくさんのカメラやセンサとAIを駆使することでレジなし決済を実現した。"
86,"ここ数年,スーパーマーケットなどでセルフレジが急速に普及してきている。郊外にある大型のスーパーマーケットなどで導入されていることが多いため,都道府県を問わず認知度も非常に高い。東北地方では,設置率がほかの地域に比べて高いことがわかる。これは東日本大震災後の人手不足を背景にレジ係の人材不足を解消できるためともいわれている。なおかつ人件費を抑えることができるため衣料品店などでも導入されている。"
87,"セルフレジは大別すると,セミセルフレジと完全セルフレジ(フルセルフレジ)に分類される。セミセルフレジとはレジ係が商品のバーコードをスキャンしてくれ,支払いだけ精算機で行うレジのことで,完全セルフレジとはバーコードの読み取りから支払いまでを自分で行うレジのことである。青果などのバーコードがない商品を扱うスーパーマーケットではセミセルフレジの方が,すべての商品にバーコードがある店舗には完全セルフレジが導入されている傾向がある。完全セルフレジの場合には複数のレジを一人のスタッフで対応できるメリットがある反面,利用者にとっては慣れないと難しく購入をあきらめてしまう可能性もある。セミセルフレジの場合には,精算をレジ係が行わないためレジを待つ時間が短く済み,支払いも比較的スムーズに行われている。さらに,店員が現金を扱わなくてよいため売り上げと客の支払いのずれがなくてすむメリットもある。これから生産年齢人口が減ることを考えると,セミセルフレジと完全セルフレジの導入を増やすとともに,それらの共存を目指す必要があると考えられる。"
88,"平成30年度食料・農業・農村白書によると,農業の担い手の減少,農業就業者の高齢化が急速に進行している。農林水産省の農業労働力に関する統計によると,2017年の農業就業人口は181.6万人で,平均年齢は66.7歳,うち65歳以上が6割以上を占める。そこで,農林水産省ではIoTや人工知能といった先端技術を農業に生かした「スマート農業」を実現するために「スマート農業の実現に向けた研究会」を設置,検討・実験を進めている。現時点での方向性は次の5つである。"
89,"ロボットといえばソフトバンクの「Pepper」が有名で,様々な場所に導入されてきた。他にもトヨタ「KIROBO mini(キロボミニ)」,ソニー「AIBO(アイボ)」といったAIを搭載したロボットが発売されている。厚生労働省は,介護の分野にもロボット技術を活かすべく開発・導入を支援している。そこでは,リハビリや自立支援を目的としてコミュニケーション型ロボット,移動支援の歩行アシストカートなどが開発されている。介護する側の手助けをするパワーアシストスーツなどもある。これらはセンサの発達,モーターなどの細かい制御が可能となったために実用段階に入ってきた。"
90,"「いつでも,どこでも,何でも,誰でも」ネットワークにつながる「ユビキタスネットワーク社会」は2000年代前半から構想されてきたが,パソコンやスマートフォン,タブレットといったICT端末だけでなく,センサとコンピュータが組み込まれた様々な「モノ」が無線通信を介してインターネットに接続されるようになり,「モノのインターネット」つまりIoT(Internet of Things)というキーワードで表現されるようになった。実際に,インターネットを経由して,スマートフォンから動作をコントロールしたり状況を確認したりすることが可能となる家電が続々と登場している。"
91,"製造,流通,通信・運輸,金融,住宅・建設,医療,そして教育など様々な分野において,モノがインターネットにつながることにより膨大なデータが収集できるようになった。これらのデータを統計学や言語学といった科学的手法により分析することで,多くのことが分かるようになった。これらのデータを利用して,データ相互の関係や有用な知見を見いだすことなどをデータマイニングと呼ぶ。"
92,"ポイントカードによる購買記録や交通系ICカードによる行動履歴等のデータを収集・分析することによりマーケティングデータに生かそうという取り組みはすでに行われている。ただし,このように収集したデータを利用する際は,個人が特定できないように処理するなど,プライバシーに配慮する必要がある。2017年5月に施行された改正個人情報保護法では,匿名加工情報が新たに導入され,個人を識別できないように加工した上でのデータの利活用を促進している。"
93,"AppleのiPhoneに搭載されているSiriやAndroidのスマートフォンに搭載されているGoogle AssistantやGoogle Home,Amazon Echoといったスマートスピーカーが安価に購入できるなど,人工知能(AI)が身近になってきている。AIは第二次世界大戦後から研究が進められているものの,まだ発展途上である。しかし,コンピュータの性能が向上し,さらに人工知能に関する研究が進むことで,図表11のようなことがこれから実現するといわれている。"
94,"人間の神経細胞を模した多層ニューラルネットワークというモデルを用いてコンピュータに学習させる手法を,ディープラーニング(深層学習)と呼ぶ。従来の機械学習とは異なり,AIに多くのデータを読み込ませることで機械が自動的に学んでいくことが可能であるという点に特徴がある。活用例のひとつとして,最近よく見かける自動チャットなどがある。これは様々な事例を学習しており,質問内容に応じて適切な回答をするようになっている。あくまでも一例ではあるが,単純な作業や一般的な事例はAIが行い,例外的な事例を人が対応するように変化してきている。"
95,"また,警備会社などではカメラ映像をAIを用いて解析することで,体調不良などで助けを求めている人物や,不審者と思われる人物を検出し,警備員にメールなどで適宜通知する仕組みを利用している例もある。"
96,"社会生活を送る上で,身体的・心理的・その他何らかの事由により様々な場面で困難を感じる人がいる。このような人,例えば障がい者,高齢者,妊婦などにとって障壁(バリア)となっているものを取り除こうという考え方からスタートしたのがバリアフリーである。車椅子利用者向けに階段にスロープを取り付ける,視覚障害者向けに点字ブロック(視覚障害者誘導用ブロック)を敷設するなどといった事柄が例に挙げられる。一方で,ユニバーサルデザインはまた別の概念であり,障がいの有無,年齢,性別,人種等にかかわらず,すべての人にとって生活しやすい環境を実現するための工夫をさす。例えば,シャンプーのボトルには突起がついており,目をつむった状態でも触った感触でリンスのボトルと区別できる。これは,視覚障がい者だけでなく,あらゆる人にとって使いやすいという点でユニバーサルデザインの代表例である。現代社会においては「たくさんの人が利用できるように施設,設備,機械を工夫する」ことが求められており,AIや情報技術の発達により,バリアフリーないしユニバーサルデザインの環境が広がっている。"
97,"私たちの身の回りには,温度や時間など連続的に変化するものがたくさんある。このような情報をアナログデータという。デジタルは連続する量を一定間隔ごとに区切り,数値を用いて表す方法である。"
98,"コンピュータは,直接アナログデータを扱うことができず,デジタルデータをデータとして扱っている。コンピュータの内部におけるデータは,複数の素子の電圧などの段階の組み合わせとして表されることが多い。現在は,これを二段階で表現する場合が多く,0と1で表される2進法を対応させて扱っている。"
99,"アナログは連続した値であり,瞬間的,直感的な情報処理が可能で,人間はデジタル時計よりアナログ時計の方が大まかな時間を捉えやすいなど,アナログの方が直感的に捉えやすい。しかし,アナログは,ノイズ等の影響を受けデータが変化してしまうと復元することが難しい。"
100,"デジタルは(1)で述べたように値が連続していないので離散値という。これを0と1のパターンにして伝えるので図表3のようにノイズ等の影響があっても,生じた誤差が一定量以内であれば元のデータを復元することができる。このため,ノイズによって波形そのものが歪んでしまうアナログに比べ劣化しにくい。さらに,送信するデータそのものに誤りを訂正することが可能な仕掛けを組み込むことにより正確な通信が可能になる。"
101,"アナログ情報をデジタル化するときには,連続的に変化する量を一定の時間間隔で区切る標本化,それぞれの値にあらかじめ定めた段階値を割り当てる量子化,量子化した数値を2進法で表現する符号化の手順が行われる。コンピュータ内部では,テキスト,画像,動画など様々な情報を符号化された0と1の2つの数字に対応する2段階の電気信号の組み合わせで扱っている。"
102,"コンピュータでは,文字の一つ一つに文字コードと呼ばれる固有の番号を割り当てることで,文字を2進法のデータとして取り扱っている。英語などで使用されるアルファベットや数字などの文字は種類が少ないので7bitで表現することができるが,日本語などで使用される漢字などの文字は種類が多いので16bitで表現する。"
103,"コンピュータで扱う画像データには様々な種類がある。画像データは大別して,ラスタデータとベクタデータに大きく分けられる。ラスタデータは,画像を色情報を持った点を使って表現したデータで,ビットマップデータとも呼ばれる。ラスタデータは,写真や自然画などを扱うのに適している。しかしラスタデータは,点の集合で表現されているため,画像の拡大・縮小・変形などには適さない。ベクタデータは,画像を点とそれを結ぶ線や面で計算処理して表現したデータで,イラストや図面などを作成するのに適している。ベクタデータは,表示するたびに,計算を行って画像を表現するため,画像を拡大・縮小・変形したりしても,画質が維持されるという特徴がある。"
104,"デジタル画像は,画素(ピクセル)と呼ばれる点の集まりで表現されている。点の集まり具合を解像度といい,ラスタデータにおいて画像の細かさを示すもので,1インチ当たりにいくつの点(ドット)を置くかを数値で表したもので,dpi(dot per inch)を単位として用いる。ラスタデータでは,画像解像度の数値が高くなるほど,滑らかな画像になる。"
105,"解像 度については,dpiと同じ意味 で,ppi (pixels per inch)が用いられることもある。ppiが大きいほどディスプレイで表示される画像の画素は小さくなり,より精細に表示することができる。"
106,"画素(ピクセル)に色の情報を含めて表現することで色のついた画像を表現できる。色を表すには,光の三原色であるRed,Green,Blueを組み合わせて表現する方法(加法混色)と塗料などの色の三原色であるCyen(シアン), Magenta(マゼンタ),Yellow(イエロー)を組み合わせて表現する方法(減法混色)がある。プリンタなどでは,この3つの色に加えて輪郭線を表すKey Plate(キープレート)として黒色を加えて使用されることが多い。"
107,"各色の濃さや明るさを表現する段階のことを階調(グラデーション)という。階調の多さによって,表現できる色は変わってくる。"
108,"ディスプレイなどでは,RGBそれぞれ1色あたり8bitの色を3色混ぜ合わせて24bitで表現し,16,777,216色(= 224)の表現を実現することができる。"
109,"静止画を連続して短い時間間隔で表示し,目の残像効果を利用して動いているように見えるようにしたものを動画という。動画は複数枚の静止画を連続で切り替えている。この静止画のことをフレームといい,1秒当たりのフレームの数をフレームレートという。"
110,"画像データには用途に応じて様々なファイル形式がある。必要に応じて,元に戻せる可逆圧縮や,完全には元に戻せないがファイルサイズをより小さくできる非可逆圧縮を行う。"
111,"動画は多数の静止画を連続して表示するのでファイルサイズが大きくなる。このため,保存する際には圧縮することが多い。圧縮技術を含むデータの符号化や復号の技術をコーデックという。コーデック及びその設定によって動画の画質,ファイルサイズ,互換性は異なる。使用するコンピュータなどが扱う動画ファイルのコーデックに対応していない場合,再生できない場合がある。"
112,"ファイルは,0と1のデータに対応した物理的状態として記憶装置に格納される。このデータが文字を表す場合はテキストファイル,画像を表す場合は画像ファイルという。ワープロなどの文書ファイルは,定められた形式で文書と画像などを格納することができる。"
113,"記憶装置の容量は限られているので,ファイルを格納する際にできるだけ容量を小さくするようにする工夫が行われている。これを「ファイルの圧縮」といい,圧縮されたファイルを元に戻すことを「ファイルの解凍」という。"
114,"文書ファイルなどは,圧縮したものを完全に元に戻す必要がある。このような圧縮方法を可逆圧縮といい,ランレングス法やハフマン法などがある。画像,音声,動画などのファイルは,完全に元に戻す必要がない場合もある。このような圧縮方法を非可逆圧縮といい,可逆圧縮に比べて圧縮率をあげることができる場合が多い。"
115,"圧縮の考え方 例えば,AAAAABBBBBという連続した文字列がある場合,最初の文字列と連続する個数を記録することにすれば,A5B5のように表現される。このように10文字分が4文字分で表現されるので,ファイルは元の40%に圧縮されたことになる。"
116,"ランレングス法 FAXなどは文字も図形もモノクロの画像として送受信される。「圧縮の考え方」で述べたAを白い部分,Bを黒い部分と考えれば,白が続く部分や黒が続く部分がかなりあるため,ファイルは相当程度圧縮することができる。"
117,"一般的な文書の圧縮 一般的な文書などでは,同じ文字が続くことはまれである。例えば,「intelligence」という12文字が格納されたファイルをランレングス法で圧縮すると「i1n1t1e1l2i1g1e1n1c1e1」のように22文字となる。ほとんどの文字の後ろに「1」がつくために約2倍のデータ量となってしまう。このようなファイルを圧縮する場合はランレングス法以外の手法が適している。"
118,"ハフマン法 さきほどの文字列「intelligence」は図表11にあるように7種類の文字でできている。7種類の文字を表すためには3ビット(2 3= 8)必要である。このように1文字あたり3ビットで表現すれば,「intelligence」は12文字× 3ビット= 36ビットのデータ量になる。ここで,良く使われる文字に割り当てるビット数を減らせば,あまり使われない文字のビット数を増やしても全体のデータ量を減らすことができる。このような考え方で行う圧縮の方法をハフマン法という。"
119,"まず,「intelligence」という文字列における文字の出現回数を割り出す。"
120,"次に並べ替え,出現回数の多い文字に対して,少ないビット数の符号を割り当てる。"
121,"図表12を基にintelligenceを圧縮したビット列(符号)で表現するとintの部分が「1(i) 01(n) 100(t)…」となるが,この部分だけでも,「101(g) 100(t)…」と読むこともでき,文字の区切りが分からない。"
122,"その為,圧縮したビット列で表現しても,文字区切りがわかる方法として,以下のハフマン木の作成手順の例のような方法で各文字に圧縮したビット列を割り当てれば,それぞれの文字に割り当てるビット数が異なっても対応する文字を一意に決めることができる。"
123,"例えば,圧縮したビット列「00」を,図表13の④で入れた0と1を上からたどれば対応する文字は「e」のみとなり,「100」を上からたどれば対応する文字は「l」となる。このような方法で各文字に割り当てる符号を定め,これを基に圧縮する方法をハフマン法という。この方法では,常に各文字列に対応するハフマン符号の表と,それを基に圧縮されたビット列をセットでファイルに格納することになる。"
124,"図表13で作成したハフマン符号を用いて「intelligence」を圧縮したビット列で表すと,「010(i) 011(n) 101(t) 00(e) 100(l) 100(l) 010(i) 110(g) 00(e) 011(n) 111(c) 00(e)」のように33ビットとなる。「intelligence」の1文字を3ビットで表していた場合は36ビットだったので,約92%に圧縮されたことになる。"
125,"実際には,これに各文字列に対応するハフマン符号の表がつくので圧縮率はこれより低くなる。しかし,ある程度長い文章であれば,母音などの出現頻度の高い文字に少ないビット数の符号が割り当てられるとともに,文書全体のデータ量に比べてハフマン符号の表のデータ量が小さくなるので,ランレングス法より高い圧縮率が期待できる。"
126,"コミュニケーションは,送り手(送信者:情報を伝える側)と,受け手(受信者:情報を受け取る側)の間で情報をやり取りすることを指す。送り手は情報となるデータを収集し,受け手が理解できるように,構造化して,価値あるものに編集することでコミュニケーションが実現される。つまり,「情報を伝える」ということは,自分以外の他者がそれを受け取り,理解することによって達成される。"
127,"ネイサンは「理解」という目に見えない概念を,簡潔なモデルとして図表1のように表現した。このモデルで表現されている重要なポイントとして,まず「『データ』はコンテクスト(文脈)によって,初めて『情報』になること。」逆に言えば,「コンテクストが伴わないものは情報ではないということ」。そして,「情報は個人的な『経験』を通して『知識』となり,さらに『知恵』に昇華されていく。」「『理解』は個人の中で解釈を進めていく連続的なプロセスの中にある。」ということである。人に何かを「伝え」,そして「わかる」ことを導いていくためには,データから知恵に至る周辺の要素を考慮して設計していく必要がある。"
128,"コミュニケーションを,個人同士で情報をやり取りする「対人コミュニケーション」,限られた集団で情報をやり取りする「集団コミュニケーション」,不特定多数で情報をやり取りする「マスコミュニケーション」の3つのモデルに分ける考え方がある。モデルにより受け手の対象規模は異なるが,どのモデルにおいても,送り手が意図したメッセージを受け手が正しく受け取ることが出来るよう,言語的コミュニケーション(活字など)や非言語的コミュニケーション(表情など)を用いて工夫して伝えることが重要となる。"
129,"誰が誰をどう呼ぶかの「呼称」の問題には,潜在的な人間観が反映されている。コミュニケーション論の領域では,情報通信モデルから発展した,「送り手(送信者)」「受け手(受信者)」が使われている。また,IT業界では開発側と使う側の立場を切り分けるために,「ユーザー」という言葉が使われる。学校教育の場では,実在する人々の姿やその生活を意識することが重要であり,「ユーザー」「顧客」「視聴者」などのビジネス用語で説明することについては,慎重にならなければならない。"
130,"コミュニケーションの語源は,communis(共通の)+munitare(通行可能にする)と言われ,つまり「共通して行き交う」ことである。そのために基盤となることを抑えておくことが重要となる。コミュニケーションの過程を,記号論をベースにモデル化すると右のようになる。"
131,"コミュニケーションが成り立つためには,まず「送り手」と「受け手」が存在する必要がある。両者は同じ時間・状況の中に存在しているとは限らないため,それぞれが別の文脈を持つ。「送り手」はコンテクストを記号化して,「受け手」はそれを解読する。正しく変換を行うためには,その両者の間では「コード体系」が共有されていなければならない。これらは,学校や家庭,あるいは特定のコミュニティの中での学習によって,社会的に共有されている。コード体系は,大きく,1)言語(自然言語,人工言語),2)視覚言語(色,形,シンボル,手話など),3)非言語(身振り,表情)などに分類される。「コード体系」を共有しても,文脈や解釈によって意味がずれることは避けられない。それゆえ相互に調整し,コミュニケーションを構築していくことが大切である。"
132,"コンテンツ(伝える内容)とは,メディア(媒介するもの)に対応して,中身を総まとめ的に捉えた言い方である。したがってあらゆる種類の情報はコンテンツとして捉えられるが,「一次情報」(自分で探し生み出した情報)と「二次情報」(誰かが生み出した情報を再利用した情報)と同じように,一次コンテンツと二次コンテンツに分類される。誰かが生み出した創造物を使うだけでなく,自分の創造性を発揮してコンテンツを生産することが大事である。例えば地域の観光コンテンツの場合,有名な場所や確立された見所を紹介するだけでなく,実際に自分で現場に行ってみて直接感じてみる,それらの体験を特定の切り口で再構成することで,独自性を生み出すことが出来る。"
133,"自分が消化できる情報量を遙かに超える情報に日々晒(さら)されている現代の生活において,情報の「受け手」が自分の判断で自由に使うことのできる時間や外界への注意力(Attention)は減少していく一方である。そのため,短い時間で効率よく伝えることを目的として,情報の加工が行われる。大きく分けて,抽象的で掴みにくい物事を,具体的で目に見えるような物事に変換すること(具体化),個別の具体的な事象から注目すべき部分を取り出してモデルにしていくこと(抽象化)の2つの方向性があり,それぞれ目的に沿って使い分けられる。読み飛ばされたり,退屈に見られたりしがちな物事でも,適切に加工することでコンテンツとしての力を高めることができる。"
134,"現実世界における情報は元々複雑なものであり,受け取る人にそのまま全部届けてしまうと,処理するのに大きな負荷がかかってしまう。例えばある場所の地理情報は,そのままでは多様な情報が入っており複雑すぎる。そこで,移動を目的とした「地図」にする際には,まず受け手が見る方向の地図や縮尺が考慮されて切り取られる。次に地名や交差点名などの名称や建物記号,部分的に色などの情報を足していく。そして移動には優先度が高くない地形や標高などの情報をできるだけ減らしていく。そのようなプロセスを行うことで,初めて「わかりやすい」地図に近付いていく。"
135,"デザインは足し算と思われがちであるが,何を間引いていくかの引き算の方が重要である。「シンプル」という言葉は,削った結果であり,引き算と強く関係している。デザインは,足し算によって必要な要件を満たした後に,引き算によってどれだけシンプルにするかが大切である。また,この「足す」と「引く」は,情報の真正さにおいて極めて大きな問題である。何を載せて何を載せないのかの判断は,しばしば提供する側の都合によって決定されている。判断基準に対する倫理感が必要である。"
136,"重要な情報であっても,人間は「意味」を感じないことには,自分の中に咀嚼していくことは難しい。また人間はバラバラな情報にもストーリーを読んでしまうものである。ストーリー性は,人類が太古から引き継いできた「心の働き」であると捉えられる。よいストーリーを持つ情報は共感され,広く共有されるため,生き延びていく。そこで,重要な情報は物語の力を使うことで知識化を促し,世代を超えて伝承させることが古くから行われてきた(例:いろは歌,神話など)。物語の型は,さまざまなものがあるが,漢詩由来の「起承転結」,舞楽由来の「序破急」,映画で構築された「三幕構成」などがあり,現代でもRPGやソーシャルゲームなどを始め,多くのコンテンツに展開されている。インフォグラフィックス(図解)においても人を惹きつけるストーリーは重要である。"
137,"デザインを行うにあたっては,さまざまな制約が伴う。例えば紙のサイズや色の数,かけられる時間,予算,依頼主の求める条件など。制約は物事の可能性を狭めるものと思われがちだが,逆に制約を逆手に取ることで新鮮な発想に繋がることも多い。制約は発想源であり,発想に優れた人ほど制約を上手に活用していく。草創期のエンターテイメントは,厳しいメディアの制約の中で表現が試行錯誤されてきた(例:新聞の4コマ漫画,モノクロ映画,etc.)。こういった領域では,今のリッチなはずのメディアの中よりも遙かに研ぎ澄まされた表現が生まれてきた。要素が少ないからこそ,それらが創造性を刺激して,本来の「面白さ」が磨かれていくのである。"
138,"コンピュータ内部では,テキスト,画像,動画など様々な情報を0と1の2つの数字の組み合わせで扱っている。"
139,"コンテクスト(文脈)とは,コミュニケーションを行う場において,送り手・受け手の間に生じる相互の関係性,それぞれの背景情報となる状況や出来事の前後の関係性のことである。例えば,同じ言葉であっても背景となる出来事次第で,「大丈夫」という言葉の意味も異なってくるし,同じジョークであってもタイミング次第で笑えたり笑えなかったりする。逆に背景を丁寧に押さえれば,必要最小限の情報だけで,抜群の効果が出たりもする。現代はモバイル機器の普及によって,情報のやりとりの場面や必要とされることは,限りなく文脈に依存するようになっている。例えば,お昼時にスマートフォンで「ランチ」とサーチする人は,一般的な言葉の意味を検索しているのではない。その人が存在している場所と時間を起点にして,手頃な値段で評判がよくかつ予約無しで食べられ,お昼休みの間に行って返って来ることが出来るお店を探していることが想定される。"
140,"情報をデザインする際は,その情報はどのような文脈で接するのかのコンテクストに関する事前調査や仮説検証プロセスが重要となる。あらゆるコンテンツは,コンテクストの中で意味を持ち,コンテンツ単独で価値が決まるものではない。"
141,"人間は,よくわからない物事を,すでに知っている似たことに重ね合わせることで推し量ろうとする(類推/アナロジー)。またこの認知の仕組みを使って,違う分野の言葉を喩えに使って表したりする(メタファー)。例えばHTMLのHeadタグは,見えないが全部を司るという意味で「頭(の中)」の喩えであり,bodyタグは目に見える「体全体」の喩えである。パソコンは我々のよく知っている事務作業を模して設計されており,デスクトップは机の上,ファイルやフォルダは実際の事務用品である。この重ね合わせが近ければ近いほど,「わかりやすい」となる。受け手にとって馴染みのない情報,特に目に見えないことを伝える際には,喩えの力を使うことは効果的である。"
142,"一般的に,視覚情報は文字よりも認知過程がシンプルである。そのため「分かりやすくする=視覚化する」と短絡的に解釈されることがあるが,これは誤りである。視覚で伝えること,文字を使って伝えることは,それぞれ長所と短所があり,送り手と受け手の立場でも異なる。ユーザインタフェースの操作においても,アイコン表記を理解できない人が一定数いるため,結局は,文字と視覚をセットで扱うほうがエラーの確率は減る。情報の特性を使い分けるそもそもの「目的」をよく考慮した上で方針を決めることが大事である。例えば多国籍の人々が集まるイベントでの情報では,言語バリアを超える視覚言語が有効である。(例:オリンピック)逆に,情報の正確な記録が求められる場合は文書の方が有効なこともある。(例:議事録)"
143,"画面内に画像や文章を配置する際に重要なことは絵心ではなく,目の特性(ゲシュタルトの法則)を理解することである。デザイン原則としてよく知られているものは,「近接」「整列」「反復」「対比/強弱」のルールである。こういった知識を活用することで,まとまりのあるレイアウトをつくることができる。"
144,"情報を表現する形式のことをメディアという場合がある。メディアは様々な表現を通じて,情報の伝達や記録のために用いられており,媒体としての役割を担っている。情報は様々な形式で表現することができ,その形式に応じて受け手が得られる情報は変化する。また,利用者の働きかけによって,提示される内容が変化するメディアをインタラクティブ(双方向)なメディアという。"
145,"一般的に「メディア」というと,表現形式としてのメディアと,物理メディアを一体として捉えて,小数の発信者が多数の受信者に対して情報発信を行う新聞や出版物,テレビやラジオなどのマスメディアを指すことが多い。近年ではテレビや出版物だけでなく,インターネットを活用したネットワークメディアなどによる情報発信も行えるようになった。インターネットによって広まった新しいメディアの利用によるトラブルは急増し,それらに巻き込まれないためにも,メディアで流通した情報を客観的に評価したり,メディアを活用して効果的に情報を扱ったりすることが重要となっている。"
146,"コミュニケーションとメディアは時代に応じて日々変化してきた。旧石器時代の人類は,壁画などを用いて情報を伝えることもあったと考えられる。その後,楔形文字やヒエログリフなどの文字が生まれ,紙の普及により筆記のコミュニケーションが盛んになった。さらに15世紀には,グーテンベルクによって活版印刷術が発明されたことにより,情報の複製が大量にできるようになったことで,同じ情報を同時に複数人に伝えることが容易になった。その後,産業革命が起きたことをきっかけに,不特定多数への情報伝達の需要が高まり,マスメディアが誕生した。20世紀後半には,情報機器が登場し,様々なデータが大量に通信できるようになるとともに,双方向でのコミュニケーションが可能となった。今後もコミュニケーションとメディアの形態はさらに変化していくことが予想される。"
147,"情報を発信する側の視点では,送り手が伝えたいメッセージをコンテンツに変換することはゴールではなく,受け手がコンテンツを受け取り「伝わったこと」「解釈したこと」を基準に考えていく必要がある。現代では,万人に届けることよりも対象者を絞った上でコンテンツに変換した結果の仮説検証を行うことが重要となる。また,これまでは送り手の立場自体が問われることは少なかったが,近年になって双方向コミュニケーションが浸透する中で,「立場」や「(操作された意図的な)わかりやすさ」が情報の内容に大きな影響を与えていることがわかり(例:ポジショントーク,記事広告等),送り手が伝えようとしてる内容が「真実」であるという前提が機能しなくなってきた。情報の信頼性を考える上で発信元の伝えようとしている目的にかかる比重は増しつつある。そのため,情報を発信する場合には,「どんな立場の人によって」「なぜ」その情報が伝えられているのかは,明らかにしなければならない。"
148,"情報を発信する側が,一方的に情報を送るモデルでは,多くの場合受け手側がメッセージを解釈する際の能動性は考慮されていない。近年では,コミュニケーションは一方的な「伝達」ではなく,対話のように相互に作り上げる創造的なものと捉えるという解釈が強くなっている。"
149,"また,人間の認知特性は均一でなく,それぞれ異なっている。情報を視覚で理解するのが得意な人もいれば,聴覚で理解するのが得意な人もいる。また,漫画で開発された視覚記号のように文化に依存する読み書き能力もある。一部の記号は,読み慣れている人には,一瞬で伝わるが,文化の異なる人には理解できない。また,近年では,検索アルゴリズムの発達によって,利用者の思想や行動特性に合わせた情報だけが選別されて表示され,インターネット上の観測範囲が狭くなる現象(フィルターバブル)が指摘されている。"
150,"これらの点を考慮すると,情報を受け取る立場の人も責任が重くなっていることを自覚しなくてはならない。自分は何を判断基準にして情報を受け入れているのかを批判的に検証する姿勢を持つ必要がある。"
151,"コミュニケーションとは,これまで説明してきたように意思や思想,感情などの情報を様々な方法で伝え合うことである。しかし,伝え合うだけであれば,それはコミュニケーションではなく,伝達や交信である。より良いコミュニケーションを行うためには,情報の受取手の立場や考え方,気持ちを理解して伝えることが必要である。しかし,現代社会においては情報が氾濫し過ぎているため,情報に振り回されず,情報を活用していくために必要な情報を取捨選択し,整理する能力が必要となる。情報を発信する人は,相手が求めているコトは何かを捉えて情報を提供し,「何のために伝えているのか」という伝える目的を持つことが重要となる。まとめると,良いコミュニケーションを行うためには,情報に振り回されず,情報を活用し情報をデザインすることが重要となる。"
152,"出版や広告,Web用のパーツ製作などで使われる画像処理ソフトには,ベクタ系とラスタ系が存在する。"
153,"ベクタ系画像処理ソフトでは,円や長方形などの図形はオブジェクトというひとつの塊として描画される。オブジェクトは,数式で表現されているため,拡大・変形しても画質は劣化しない。また,オブジェクト毎に選択して重ねたり移動したりできる。"
154,"ラスタ系画像処理ソフトでは,画像を小さな点(ピクセル)で描画する。そのため,拡大や変形すると画像が粗くなる場合がある。また,ベクタ系と異なり画像内にある一部の円や長方形だけを移動したり,削除することはできない。デジタルカメラで撮影した画像は,ラスタ系画像処理ソフトで作成した画像と同じようにピクセルが集まってできている。以下に述べることは,ソフトウェア操作の例である。"
155,"ベクタ系画像処理ソフト・ラスタ系画像処理ソフトともに,ズームツールで画面上をクリックすると拡大表示される。また,ドラッグして囲むと囲んだ範囲が拡大表示される。ズームツールでは,Altキーを押しながらクリックすると縮小表示がされる。"
156,"拡大・縮小等を繰り返して,全体の様子が分からなくなった場合には,ツールパネルのズームツールをダブルクリックするか,Ctrlキーと1キーを同時に押すと100%表示になる。また手のひらツールをダブルクリックするか,Ctrlキーと0キーを同時に押すと画像の全体表示になる。"
157,"ツールバーの『T』をクリックすると,文字を入力できる状態になる。文字を入力したい場所にカーソルを合わせて文字を入力する。"
158,"ベクタ系画像処理ソフトでは,「編集」メニューの「○○の取り消し」を選択すると,直前に行った操作の取り返しができる。取り消しは,複数の操作をさかのぼって行うことができる。また,「編集」メニューの「○○のやりなおし」を選択すると,操作の取り消しを取り消すこともできる。"
159,"レイヤーは,図表3のように,透明なフィルムを重ねてひとつの画像となる。ベクタ系画像処理ソフトでのレイヤーは複数のオブジェクトをまとめて扱うことが目的であるが,ピクセル画像を扱うラスタ系画像処理ソフトでは,レイヤーがベクタ系画像処理ソフトのオブジェクトにあたる。どちらのソフトウェアもレイヤーが編集単位となり,レイヤーを重ねて画像を作成していく。"
160,"レイヤーの作成・削除・コピーは,画像編集における基本操作である。レイヤーの操作はレイヤーパネルで行う。「新規レイヤーを作成」をクリックすると新しいレイヤーが作成される。新しいレイヤーは,透明なレイヤーなので,レイヤーを作成しただけでは見た目に変化はない。レイヤーをコピーする場合は,コピーしたいレイヤーを「新規レイヤーを作成」までドラッグすると,レイヤーをコピーできる。"
161,"レイヤーが複数ある場合などに,誤って異なるレイヤーを操作してしまうことを防ぐために,ロックをかけることができる。また,一時的にレイヤーを非表示にすることもできる。"
162,"レイヤーは,重なり順を変更することができる。レイヤーパネルで順番を入れ替えたいレイヤーをドラッグして,移動させる。"
163,"デザインの語源は,ラテン語で「計画を記号で表す」という意味の「Designare」であったと言われている。デザインには,そこに込められた「計画」と,計画によって達成される「目的」が存在する。例えば,広告のデザインにおいては,宣伝する商品やサービスのターゲットとなる属性の人達に対して訴えかけるという「目的」が存在し,その目的を達成するための広告は,どのような素材を用い,どのような配色で表現するのかという「計画」を立てている。どの属性のターゲットに訴えかけるかという「目的」が変われば,当然ではあるが,広告における表現の「計画」も変わることになる。つまり,目的によってデザインは変化していくことになる。"
164,"デザインの起源は19世紀末にウィリアム・モリスらが展開した,アーツ・アンド・クラフツ運動であると言われている。これは,大量生産による安価で粗悪な工業製品ではなく,生活と芸術を融合した製品を生産することによって,市民の生活の質や,製品の質や価値を向上させようという運動である。アーツ・アンド・クラフツ運動が目指したものは,良質な製品を社会に行き渡らせることで,よりよい社会を実現するというものであったが,この運動により生産されるものは,手作業による高価なものとなってしまい,結果的に社会の一部にしか浸透しなかった。"
165,"20世紀に入り,ドイツの美術と建築の学校であるバウハウスから生み出されたデザインをはじめとする,モダンデザインは,装飾によるデザインから製品が持つ本質的な機能美を追求することで,工業製品に取り入れることができる合理的,機能的なデザインを指向し,良質な製品を社会のあらゆる階層の人々に行き渡らせようとした。"
166,"また,同時期にオットー・ノイラートが考案したアイソタイプは,文字が読めない社会的弱者を含めた,あらゆる人々に向けて,情報をグラフィカルに伝達しようとしたものである。その目的は,言語の壁を越えて情報を伝達することで,社会的な不平等を解消しようとしたものと言われている。"
167,"先に述べたように,何かをデザインするという行為には,必ず達成したい目的が存在している。そして,これまでのデザインの歴史的な流れから分かるように,デザインによって達成される目的は,社会や身の回りの問題の解決である。つまり,デザインには,「問題解決の手段」という役割が与えられていることになる。「良いデザイン」には,「どのような問題を解決するか」という目的が明確に設定され,「設定された問題が適切に解決されている」という結果が伴っている。"
168,"学習指導要領解説では,情報デザインについて「効果的なコミュニケーションや問題解決のために,情報を整理したり,目的や意図を持った情報を受け手に対して分かりやすく伝達したり,操作性を高めたりするためのデザインの基礎知識や表現方法及びその技術のことである。」と述べている。具体的には,「物事の関係性を図解で表現する」「数値データの比較のためにグラフを使う」「論理構造を整えて文章を書く」といったことがある。"
169,"また,情報デザインについては,ロバート・ホーンが「情報を人が効率的かつ効果的に使えるような形で準備する技と知識」と定義している。この定義では,視覚的なデザインだけではなく,コミュニケーションにおける相互の関係をデザインすることも含まれている。"
170,"学習指導要領解説では,情報デザインについて「効果的なコミュニケーションや問題解決のために,情報を整理したり,目的や意図を持った情報を受け手に対して分かりやすく伝達したり,操作性を高めたりするためのデザインの基礎知識や表現方法及びその技術のことである。」と述べている。具体的には,「物事の関係性を図解で表現する」「数値データの比較のためにグラフを使う」「論理構造を整えて文章を書く」といったことがある。"
171,"先に述べた,オットー・ノイラートのアイソタイプは,図記号を用いた情報デザインのはしりである。その後,オリンピックなどの国際的なイベントや駅などの公共施設の案内に,ピクトグラムを中心としたサインシステムが用いられるようになり,インフォグラフィックスによる情報の表現も多くみられるようになっている。"
172,"今の社会では,様々な機器のデザインが情報デザインの考え方に基づいている。これは,機器にコンピュータが組み込まれ,汎用性を得たことと深く関係している。代表的な例としてはスマートフォンがある。通話しかできない単機能の携帯電話から,メールの送受信ができるようになり,カメラで写真が撮影できるようになるなど,機能が増えるにつれ,使いたい機能を容易に呼び出せるようなユーザインタフェースの必要性が高まってきた。現在のスマートフォンは,電話,メール,カメラ,Web閲覧,音楽プレーヤー,ゲーム機‥‥と様々な機能を兼ね備えているため,利用者が操作に迷わないようなユーザインタフェースを備える必要がある。"
173,"椅子やベッドのように物の存在自体が,人間の物に対する働きかけ方を想起させる場合がある。例えば,ユーザインタフェースは,「機器の操作」を利用者に想起させる。この「情報デザインの考え方」には,「情報の視覚的な表現」という「情報の見せ方」だけでなく,階層化されたメニューのように「情報を表示する順序」といった「情報の出し方」のデザインも含まれている。"
174,"椅子やベッドのように物の存在自体が,人間の物に対する働きかけ方を想起させる場合がある。例えば,ユーザインタフェースは,「機器の操作」を利用者に想起させる。この「情報デザインの考え方」には,「情報の視覚的な表現」という「情報の見せ方」だけでなく,階層化されたメニューのように「情報を表示する順序」といった「情報の出し方」のデザインも含まれている。"
175,"情報デザインを行っていく上で欠かせないのが,情報を構造化していくことである。情報の構造化とは,情報をある基準を用いて整理し,整理された情報同士を結び付けていくことである。"
176,"情報の整理の基準として用いられているのが,リチャード・ソール・ワーマンが提唱した「究極の5個の帽子掛け」と呼ばれるものである。ここでは,情報を整理する基準について,「位置」「アルファベット」「時間」「カテゴリ」「連続量」の5つしかないとしている。例えば,写真を整理する場合を考えてみると,撮影した場所で整理していれば「位置」を基準にしているし,写っている人物で整理していれば「(名前の)アルファベット」を基準にしているといった具合になる。"
177,"整理された情報同士の結び付きは,「並列」「順序」「分岐」「因果」「階層」の5つに分類でき,それぞれ情報の表現の仕方に反映される。例えば,「並列」であれば箇条書きで表現され,「順序」であれば番号付きのリストで表現される。この2つについては,文字のみでも比較的簡潔に表現することが可能だが,「分岐」「因果」「階層」については,文字だけで表現しようとすると,冗長な文章となりがちなので,図解などを適宜取り入れることになる。"
178,"情報の構造化は,先に述べた,「情報の見せ方」だけでなく,「情報の出し方」にも関わってくる。例えば,Webサイトの構造のデザインにおいて,各ページのリンクをどのように結び付けるかは,情報同士の結び付き方と密接に関係している。"
179,"サインシステム,インフォグラフィックス,ユーザインタフェースなどのデザインにおいて,情報デザインとして優れているものは,利用者の立場に立ったデザインがなされている。これは「人間中心設計」という考え方で,その設計プロセスはISO(国際標準化機構)で規定されている。"
180,"人間中心設計のプロセスは,利用者のニ ーズを把握し,そのニーズに基づいたデザインを行い,利用者の評価を受けて改善を行う。人間中心設計では,利用者のニーズを完全に満たすまで評価と改善を繰り返すことになる。"
181,"デザインのプロセスも人間中心設計のプロセスに基づいている。デザインについての詳細なプロセスと,各プロセスにおける具体的な活動は,以下の通りである。人間中心設計のプロセスが評価と改善を繰り返すように,デザインのプロセスもまた,利用者のニーズを満たすまで評価と改善を繰り返していく。"
182,"このようなデザインのプロセスでは,発散思考によって広く考えてアイデアを積み上げ,収束思考によって一つの解決案に絞り込んでいく。このようなプロセスはデザイン思考とも呼ばれ,分析的に考える分析思考とともに問題の発見・解決への重要なアプローチ法である。"
183,"デザインの対象は,インタフェース,アルゴリズム,プログラミング,ネットワーク,データベース,データ分析など,コンテンツ以外にも多岐に渡るものである。広い意味では組織や文化などもデザインの対象になりうる。"
184,"情報デザインの目的は「情報伝達についての問題の解決」であるから,デザインの対象は「情報伝達について何らかの問題を抱えているもの」ということになる。しかし,日常生活において,その問題を意識する機会は少ない。なぜなら,人間は置かれている状況に上手に対応しながら生活しているので,問題を問題として認識することが難しいからである。"
185,"デザインの対象を見つけるためには,身の回りにある情報伝達の仕組みについて,新たな視点から考える必要がある。そのために,各種の発想法が用いられる。発想法は,ブレーンストーミングやKJ法がその代表である。"
186,"ブレーンストーミングやKJ法以外に,授業に取り入れやすい発想法としては,ブレーンライティング(635法)がある。"
187,"ブレーンライティングは,6人程度のグループを組んで, 6 × 3のマス目があるシートにそれぞれの意見やアイデアを書き込んでいく発想法である。具体的な手順は以下の通りである。 1. 1人に1枚シートを配布する 2. 1行目 のマ ス目 に5分以 内で3つの 意見,アイデアを記入する 3.左手のメンバーにシートを渡し,右手のメンバーからシートを受け取る 4.上の行のマス目に記入してある意見,アイデアを読んで,連想する意見,アイデアを5分以内で3つ記入する(連想するものがない場合,新たな意見,アイデアを記入する) 5.以下,手順3,4を,自分が最初に書いたシートが戻ってくるまで繰り返す"
188,"ブレーンライティングで記入する意見,アイデアは,ブレーンストーミングと同様に,自由な発想から出すことを奨励し,他者の意見,アイデアの批判はしないようにする。"
189,"各種の発想法によりデザインの対象を見つけたら,そこにあるニーズについて情報を収集する。このとき収集される情報には,大きく分けて,定量的な情報と,定性的な情報がある。定量的な情報は,結果を数値で得られるため,量的な比較や検証をするのに向いている。定性的な情報は,主に文字情報によって結果が得られるため,新たな気付きを得たり,詳細な状況を探ったりするのに向いている。"
190,"定量的な情報を収集する手法の代表がアンケート調査である。アンケート調査は,ニーズについての仮説を立てておき,その仮説を検証するための適切な質問を考えておく必要がある。"
191,"定性的な情報を収集する手法についてはインタビューがある。インタビューには,個別に行うものと,グループに対して行うものとがある。また,インタビューの内容も,あらかじめ質問を決めておく場合と,状況に応じて質問を変えていく場合とがある。いずれにせよ,インタビューを行う際には,事前に十分な準備が必要となる。"
192,"その他に,情報を収集する手法としてフィールドワークがある。これは,実際にデザインの対象となる場に行って,現地の様子を観察するやり方である。必要に応じて,現地でアンケート調査やインタビューを行えるため,より多面的な情報が手に入るが,観察者の力量によって情報の質が変わってしまう場合もある。"
193,"ニーズについての情報が収集できたら,そのニーズに基づいて問題を解決できるように,デザインの要件を定義する。デザインの要件を定義する上での重要なポイントは,「何をすれば問題が解決されるのか」である。それを探るために,ペルソナ手法やシナリオ手法などが用いられる。"
194,"ペルソナ手法は,デザインされた情報の利用者の人物像(ペルソナ)を設定し,その人物に向けて,何が必要かを検討していくことで要件を定義する手法である。ペルソナを設定する際には,年齢,性別,職業,家族構成,趣味,スキルといった人物の基本的な情報だけでなく,利用者の会社,学校,社会での役割(ユーザロール)や,利用者がどのようなことを達成したいのか(ユーザゴール),利用者の好みなども具体的に設定していく。ペルソナの設定にあたっては,ニーズを探るために収集した情報を活用し,必要であれば,追加で情報を収集する。"
195,"シナリオ手法は,デザインしたものが利用される場面を具体的に想定して,要件を定義する手法である。"
196,"シナリオ手法の一種として,「構造化シナリオ法」がよく用いられる。これは,デザインされたものについて,利用者にどのような価値をもたらすのかを記述した「バリューシナリオ」,利用者の活動の様子について記述した「アクティビティシナリオ」,利用者の具体的な行動や操作について記述した「インタラクションシナリオ」の3つのシナリオから構成される。"
197,"上記のシナリオの場合,この教育委員会のWebサイトのデザインを検討する際には,各校のカリキュラムで検索する機能を組み込むことを要件として定義するか検討することになる。"
198,"要件の定義ができたら,まずプロトタイプを作成してみる。プロトタイプは完成品の原型ではなく,あくまでデザインを検討していく過程で作成されるものである。そのため,デザインの可能性を追求するためには,完成品に近い1個のプロトタイプを,時間をかけて作成するのではなく,簡単に作成できるものを多数作成する。プロトタイプの作成にあたっては,できるだけ扱いが簡単なツールを使って作成するほうがよい。"
199,"ポスターなどの印刷物であれば,グラフィックソフトで作成する前に,手書きでラフスケッチを描いてデザインを検討する。サインシステムなど公共の場に設置するものであれば,設置場所の写真とデザイン案を合成して,現実の風景との調和や視認性などを確認する。"
200,"Webページやアプリケーションのユーザインタフェースの検討であれば,ペーパープロトタイピングという手法が用いられる。これは,画面のレイアウトなどの見た目のデザインだけでなく,利用者の操作による画面遷移の様子も紙の上に再現し,利用者の操作を誘導するデザインが適切であるかを確認する手法である。"
201,"ペーパープロトタイピングは紙とペンだけでプロトタイプが作成できるため,非常に簡単に導入できる。ただし,利用者の操作による画面遷移を再現するには,紙の差し替えなどを行うため,実際の操作感をイメージし難いところがある。最近では,ペーパープロトタイピングで描いた画面レイアウトを取り込んで,画面遷移の様子は情報端末上で再現するようなプロトタイピングツールも利用されている。"
202,"情報デザインの評価は,「利用者の視点で情報伝達の問題が解決されているか」がポイントになる。評価に利用者の視点を組み込むには,作成途中でも,利用者に実際に見てもらったり,使ってもらったりして,評価を受ける手法がとられる。"
203,"手軽に実施できる手法はインタビューやアンケートだが,評価を受ける側が,事前に想定できる問題についての質問を用意することになるため,新たな知見が得難いことがある。インタビューの場合は,「一問一答式のクローズドクエスチョンではなく,回答者が多様な回答ができるオープンクエスチョンで行う」,アンケートの場合は,「自由意見に記入された内容に注目する」といった工夫をして,新たな知見が得られるようにする。"
204,"デザインに対する評価を行うことで,当初の目的である,問題をどの程度解決できているかを確認することができる。また,新たな問題が明らかになる場合もある。これらを改善点として整理し,次のデザイン案を考えていくという作業を繰り返すことで,最終的な問題の解決に至る。"
205,"しかし,評価によって明らかになった改善点を,一度に全て解決することは,現実的には不可能である。最終的な問題の解決に向けて,どの程度の支障になるのかで,改善点の重要度をランク付けしたり,Webページやアプリケーションといったインタラクティブなメディアのデザインであれば,どのくらいの頻度で支障が発生するのかを計測したりすることで,どの改善点から手を付けていくかを考えていく。"
206,"また,技術的,コスト的な問題で,改善するのが難しいときは,代替の手段を用意したり,場合によっては,問題の解決そのものをあきらめたりすることもある。"
207,"当初の目的である,問題の解決ができているデザインが完成したら,利用者に向けた運用を開始する。しかし,実際に運用してみてから分かる新たな問題が浮上することもあるため,運用開始後も適宜改善をしていくことが必要である。"
208,"作成したものは,アーカイブとして保存しておく必要がある。これは,次に似たようなデザイン案件が出てきたときに,一連のデザインプロセスを効率よく進められるようにするためである。"
209,"アーカイブする際には,必要な時にすぐに取り出せるように工夫する必要がある。ファイルにタグを付けて保存したり,案件ごとや時系列でディレクトリを分けたりして保存したりといった手段がある。"
210,"ブラウザのアイコンをクリックして検索をする時について考えてみよう。この時,マウスやキーボードで入力してコンピュータが動き,画面に結果が表示される。"
211,"さらにコンピュータの中の様子について考えてみよう。コンピュータは,制御装置,演算装置,記憶装置,入力装置,出力装置の5つで構成される。制御装置と演算装置を合わせてCPU(Central Processing Unit)という。CPUは記憶装置から命令やデータを取り出して処理を行う。"
212,"入力装置や出力装置を含め,すべてを制御するのが制御装置,様々な演算を行うのが演算装置である。CPUの動作速度が速いほど,1動作あたりに実行する命令や処理するデータが多いほど性能の良いCPUとなる。また,用途や目的に合わせてメモリやHDD(ハードディスク)などの大きさを決める必要がある。"
213,"CPUにとっての作業場所がメモリである。十分な広さが必要であり,特に複数の仕事を同時に進行する場合は広くする必要がある。"
214,"ここがせまいと,コンピュータ全体の処理速度が落ちる。ハードディスクは,情報を保存しておく引き出しと考えてもらいたい。大量の情報を保存できるが読み書きに時間がかかる。"
215,"メモリが少ない場合は,あふれたデータをハードディスクに保存するため,ハードディスクとのデータのやり取りにほとんどの時間がとられ,いくらCPUが高速でも実行速度は上がらない。必要十分なメモリがあって,ハードディスクのかわりにデータの読み書きの速度が速いSSD (Solid State Drive)などを使うと,コンピュータの実質的な動作速度を上げることができる。"
216,"現在のコンピュータの演算装置は,0か1のみで表現される2進数を扱うように設計されている。2進数を大きな桁で非常に高速で演算することによりすべての演算を行う。その基本的な演算は四則演算とは異なりAND, OR,NOTの3つである。0を「なし」,1を「あり」と考え,ベン図と表で表現すると以下のようになる。"
217,"それでは,AND,OR,NOTを用いて2進数の足し算について考えてみる。論理演算の基本は,AND,OR,NOTなので,この3つで基本的にどんな計算も表すことができる。"
218,"0 + 0 = 0 or 0 + 1 = 1で対応できる 1 + 0 = 1 or 1 + 1 = 10 A + B = CFで対応できない。Cは桁上がり,Fは1桁目の値 ※ AもBも1の時だけC=1,F=0になる。"
219,(3)では論理演算を用いた2進数の足し算を紹介した。他の計算は以下のように行う。
220,"5-3=2の計算は,5に7を足して1桁目の数字を用いる。ここで7は3に足して10になる数字(1桁あがる数字,補数という)。引き算は補数を使った足し算。"
221,"2進数の掛け算は左シフトと足し算,割り算は右シフトと引き算を組み合わせて筆算と同じように行う。シフト演算とは,2進数で書かれたビット列を左または右にずらす操作。"
222,"コンピュータで変数は指定されたビット数の箱に入っていると考える。この箱(定められたビット数)に収まるものであれば誤差は生じないが,収まらないものは誤差が生じる。例えば,15ビットの箱を準備したとき,13ビットの魚Aは箱に収まるが,20ビットの魚Bは箱に入らない。このとき失われた5ビットが計算誤差の原因となる。"
223,"コンピュータに計算させる時には,必要な精度に見合った箱を用意するとともに,計算の途中でこの箱からはみ出さないように注意する必要がある。"
224,"学習指導要領解説でプログラミング言語については,「アルゴリズムを基に平易にプログラムを記述できる」と記載されている。「平易」とは,書きやすく読みやすいことであり,誰が書いても同様のコードになることが望ましい。また,人工知能や統計の使用を含め,目的に沿ったライブラリなどが豊富にあれば多様な問題解決に対応することができる。"
225,"コンピュータでは,数値は小数点を含まない「整数」,または小数点を含む「浮動小数点数」のどちらかで扱われる。これらの数値は,コンピュータの内部では固定の桁数で扱われることが多い。"
226,"float型で指定した変数に桁数の多い数字や,その変数型で扱うことのできる最大値より大きい数字を代入して表示するプログラムと実行例を示す。"
227,プログラム python import sys #変数や関数のライブラリを呼び出し x=sys.float_info.max #float型で表せる最大値をxに代入 print(x) #画面にxの値を表示 x=1.797693134862315799999e+308 #float型の小数点以下に5桁「9」の追加した値を代入 print(x) #画面にxの値を表示 x=1.8e+308 #float型の最大値より大きな値を代入 print(x) #画面にxの値を表示
228,プログラムの実行結果 1.7976931348623157e+308 1.7976931348623157e+308 Inf
229,"1行目の実行結果はfloat型で表示できる最大値を表示し,2行目では小数点以下に数値を追加しても,扱える桁数を超えているため値が切り捨てられて表示され,3行目は扱える値以上の数値は表示できないため,オーバーフローが起こっている。また,整数同士の減算と小数同士の減算のプログラムを実行してみると以下のようになる。"
230,「整数」のみで減算した結果と「小数」のみで減算した結果を表示するプログラム python x = 28-27 #xに28-27の計算結果を入れる print(x) #画面にxの値を表示 y = 0.28-0.27 #yに0.28-0.27の計算結果を入れる print(y) #画面yの値を表示
231,プログラムの実行結果 1 0.010000000000000009
232,"小数の0.28から小数0.27を引くと,本来であれば計算結果は0.01になるはずだが,プログラムを実行した結果を見ると0.01にはならず,コンピュータの計算誤差が発生していることが分かる。"
233,"センサやアクチュエータなどの計測・制御システムを構成する要素の昨日や仕組みを理解し,計測・制御システムの中では一連の情報がプログラムによって処理されており,順次,分岐,反復という処理手順の組み合わせによって実現されていることを理解する。"
234,"センサなどの装置を使って自然現象などの量を測ることを計測といい,ある目的の状態にするためにアクチュエータなどの装置を操作することを制御という。"
235,"コンピュータを使った計測は,センサなどの外部装置から得た計測データを入力ポート(入力端子)を経由してコンピュータに入力することになる。また,コンピュータを使った制御は,コンピュータから出力ポート(出力端子)を経由してアクチュエータなどの外部装置を操作するデータを出力することになる。図表1は二値的に動作するデジタル型のセンサやアクチュエータの場合の構成であり,連続的に動作するアナログ型のセンサやアクチュエータの場合は,アナログをデジタルに変換するADコンバータやデジタルをアナログに変換するDAコンバータを経由させる図表2の構成になる。"
236,"センサは,自然現象の情報を人間や装置などが扱いやすい信号に置き換える装置であり,温度,照度,加速度,距離などを測定するセンサがいろいろな装置に内蔵されて使われている。"
237,身近なセンサとして以下の様な例がある。
238,"また,アクチュエータはコンピュータが制御した情報を物理的に伝える装置であり,各種のモータなどが使われている。アクチュエータの動きは直進運動と回転運動に分けることができ,これらの動力源として,電気・油圧・空気圧がある。DCモータは車輪のように連続して回転させ,サーボモータはロボットの腕の関節のように,角度を指定して回転させる目的で使用する。身近なアクチュエータとして以下の様な例がある。"
239,"一般的に,入力ポートに接続されたセンサの値を取得するには,ポートから入力した生(なま)のデータをセンサの特性に合わせてプログラム上で計算式によって温度などの物理量に変換する必要がある。同様に,出力ポートに接続されたアクチュエータを制御する場合も,計算式によってモーターの回転数などの物理量をポートに出力するデータに変換する必要がある。しかし,教育用プログラミング言語では,温度などの物理量を直接取得できる命令や,モータの回転数などの物理量を直接制御できる命令が用意されている場合があり,その場合は計算式による変換が不要になる。"
240,"平成29年に公示された中学校学習指導要領では,技術・家庭科技術分野「D情報の技術」(3)において,計測・制御のプログラミングによって解決する活動を通して,計測・制御システムの仕組みを理解し,安全・適切なプログラムの制作,動作の確認及びデバッグができること,などが示されている。図表5には中学校の計測・制御例で,ワンボード型のコンピュータとブロック,センサ,アクチュエータとビジュアルプログラミング言語を使ったロボットが示されている。このプログラムは,障害物までの距離を光センサで読み取り,設定値以下の場合にモータの回転を停止させるようになっている。高等学校「情報Ⅰ」では,このような中学校での学習を踏まえて指導することになる。"
241,"ここでは,イギリスで教育用に作られ,実践例が豊富にあり,各種のセンサと簡易な表示装置が内蔵され,多くのプログラミング言語で制御可能な外部機器としてmicro:bitを用い,センサ(加速度センサ)で得たデータに応じてLEDを制御するプログラミングを行う。"
242,"micro:bitをPythonで動 作さ せる オフライン環境のエディタとして, Muがある。micro:bitのオンラインエディタMicroPythonドキュメントでは,標準開発環境よりも,このMuを勧めている。MicroPythonでは,プログラムから変更されたhexファイルをコンピュータにダウンロードした後にmicro:bitに転送するが,Muでは画面内の「転送」を押すだけで直接micro:bitに転送されるので便利である。MuはWindowsとMac OSに対応している。Muのインストールが難しい場合は,オンラインエディタMicroPythonの使用を推奨する。"
243,"順次の例として,ここではLEDで○を1秒間点灯したあと消灯するプログラムを示す。"
244,"順次のプログラム python from microbit import * #マイクロビット用モジュールの読み込み maru = Image(""09990:"" #maruの中のLEDの明るさは ""90009:"" #0 ~ 9段階で表示するデータを入力 ""90009:"" #0は明りがなく、9がもっとも明るい ""90009:"" ""09990:"") display.show(maru) # LEDにmaruで設定したものを表示させる sleep(1000) #1秒停止 display.clear() # LEDの表示を消す"
245,"分岐の例として,micro:bitの加速度センサが右に傾いているデータを検出すれば,LEDに「R」が点灯し,そうでなければLEDに「-」が点灯するプログラムを示す。"
246,"分岐のプログラム python from microbit import * #マイクロビット用モジュールの読み込み while True: #ずっと繰り返す reading = accelerometer.get_x() #加速度センサのx軸の傾きを読む if reading > 100: # X軸の傾きが100より大きいなら display.show(""R"") # LEDに「R」を表示 else: #そうでなければ display.show(""-"") # LEDに「-」を表示"
247,"反復の例として,0から9までの数字を順に表示するプログラムを示す。"
248,"反復のプログラム python from microbit import * #マイクロビット用モジュールの読み込み for i in range(10): #i=0,1,…9とカウントを進めながら以下の処理を繰り返し行う display.show(i) #LEDにiの値を表示 sleep(1000) # 1秒停止 display.clear() #LEDを消す sleep(1000) # 1秒停止"
249,"問題を解決するための方法や手順をアルゴリズムといい,アルゴリズムをコンピュータが実行できる形式であらわしたものをプログラムという。アルゴリズムは流れ図(フローチャート)などを用いて図式化するとわかりやすい。アルゴリズムはプログラミング言語を用いてプログラムにすることで,コンピュータに実行させることができる。"
250,"どのようなアルゴリズムでも,処理の流れは,1つ1つの処理を順番に行う「順次」, ある条件に応じて異なる処理を実行する分岐, ある条件が満たされている間はその処理を繰り返し実行する「反復」の3つの構造の組み合わせで構成されている。このような処理の流れを制御構造という。"
251,"流れ図を使って表現すると,処理の流れを視覚的に表現することが可能となる。制御構造を流れ図で表現するにあたり,各構造は図表1のようになり,3つの構造を組み合わせて流れ図を書くと,図表2のように表現することができる。"
252,"アルゴリズムを表現する方法は多様である。ここでは,フローチャートを紹介したが,目的や内容に応じて適切なものを使い分けるようにしたい。"
253,"UML(Unified Modeling Language)に含まれるアクティビティ図やシーケンス図のように,複数の処理が互いに通信しながら動作を進める様子を表現できる表記法も利用されている。"
254,本学習では分岐についてプログラムのコードを書く。この節で使用する関数等の説明は以下の図表4に示す。
255,"今回の例では「おはよう」「こんにちは」「おやすみ」の順に画面にメッセージが表示されるプログラムを作成するものとする。流れ図は以下の図表5の通りになり,プログラミングの処理を日本語で記述したリストは図表6の通りになる。"
256,"図表5の流れ図,図表6の日本語記述をコードに置き換えたのが図表7である。処理は上の行から下の行の順に処理が進められる。"
257,"点数xが60点以上ならば,「合格」を表示し,そうでなければ「不合格」を表示するプログラムを作成するものとする。流れ図は以下の図表8の通りになり,プログラミングの処理を日本語で記述したリストは図表9の通りになる。ただしxの値は80とする。"
258,"点数xが60点以上ならば,「合格」を表示し,そうでなければ「不合格」を表示するプログラムを作成するものとする。流れ図は以下の図表8の通りになり,プログラミングの処理を日本語で記述したリストは図表9の通りになる。ただしxの値は80とする。"
259,"変数xに対して10を5回加算をしながらその都度xの値を表示するプログラムを作成するものとする。流れ図は以下の図表11の通りになり,プログラムの処理を日本語で記述したリストは図表12の通りになる。ただしxの初期値は0とする。"
260,"図表11の流れ図,図表12の日本語記述をコードに置き換えたのが図表13である。"
261,"i in range(1,6,1)を示す値は1 ≦ i < 6となることに留意する必要がある。今回の例では10を5回加えるので,最終的なxの値は50となる。また,カウントのための変数iをプログラムの中で使用することも可能であり,『繰り返している回数をその都度表示する』といった処理も行うことができる。"
262,"分岐と反復を組み合わせると,「繰り返していく中である条件を満たす場合だけ特定の処理を行う」ことが可能となり,アルゴリズムの表現の幅を広げることができる。"
263,"ここでは変数xに対して10を5回加算をするが,『繰り返している回数が奇数回の場合だけ』xの値を表示するプログラムを作成するものとする。流れ図は以下の図表14の通りになり,プログラムの処理を日本語で記述したリストは図表15の通りになる。ただしxの初期値は0とし,奇数であることを判定する式は2で割った余りが1であることを示す「i%2==1」を使用するものとする。"
264,"図表14の流れ図,図表15の日本語記述をコードに置き換えたのが図表16である。今回の例では10を5回加えるが,iが奇数の時だけxの値を表示しているので,x = 10,30,50の場合だけ値が画面に表示される。"
265,"プログラムは,変数にデータを代入したり,参照したりすることを繰り返しながら動作しているが,複雑なプログラムになってくると,変数名の異なる変数が多くなり,取り扱いが困難になるため,リストが使われることが多い。リストは複数の値を一つの名前(変数名)と番号(添字)によって管理する仕組みである。これを使うと同じデータ型の変数を複数宣言する必要がなくなるため,簡潔にプログラムを記述することができるようになる。そのリストの中にあるひとつひとつの変数を要素といい,要素に付けられた番号を添字という。"
266,"リストの値の参照やリストへの値の代入は,リスト名と添字を使って,「リスト名[添字]」として扱うことが多い。添字を変数で指定することで,その値を変えることで要素を自由に扱うことができる。"
267,"10個の数値からなるリストがあったときに,リスト内の数値の一部を取り出し,足し算するプログラムを以下の図表2に示す。"
268,"Pythonではリストは0番目から始まることに留意する必要がある。このプログラム例ではリストaの3番目と7番目の数値を足し算している。a[3]=17,a[7]=83であるので,足し算の結果は100が表示される。"
269,"次は10個の数値からなるリストがあったときに,リスト内の数値の合計を求めるプログラムを以下の図表3に示す。"
270,このプログラムの実行結果はgoukei=56+3+62+17+87+22+36+83+21+12=399となる。なおa[i]でiの値が変化するたびにリスト内を巡回していることに留意すること。
271,"ある一定の範囲内において,すべての数が同じ確率で現れるような数のことを乱数という。コンピュータはその特質上計算で値を生成するので計算による擬似的な乱数しか生成できない。これを擬似乱数(以後「乱数」と表現する)という。この乱数をプログラム内で用いることにより,実行するたびに処理内容が変わるような変則的なプログラムを作成することが可能となり,プログラムを現実世界のシミュレーションなどに活用することが可能となる。"
272,"ある値aがあるときに,0 ~ 9までの数をランダムに発生させる乱数rと比較して,大きい場合に「aの方が大きい」,小さい場合に「aの方が小さい」,等しい場合に「当たり」と表示するプログラムを図表4に示す。"
273,"Pythonで乱数を扱う場合はrandomモジュールをimport文で読み込む必要があり,「random.randrange(10)」で0 ~ 9の10個の整数をランダムに発生させる乱数として表現している。"
274,"また,乱数の生成の範囲を「0から」ではなく「1から」に変更したい場合も少なからずある。このような場合は生成した乱数に対して1を加えることで,生成した乱数に対して一律に計算がなされるので,0 ~ 9の範囲を1 ~ 10の範囲に変更することが可能となる。"
275,以下の図表5は「1 ~ 10」までの乱数を表示するプログラムのコードである。「random.randrange(10)+1」とすることにより「0 ~ 9」から「1 ~ 10」に変更することが可能となる。
276,"一般にシステム開発などで行われるプログラムは大規模なので,コードの長さも膨大となる。このような場合,文章の章,節,段落のような適切な構造を作らないと,コードの可読性は著しく低くなってしまう。"
277,"そこでプログラムの機能ごとにメインコードから切り離し,関数という単位で分割することで,プログラムを機能ごとに整理,構造化することが可能となる。また,作成した関数はメインコード内で何回でも呼び出すことが可能となるため,作成した機能を再利用することが可能となる。"
278,"数学での関数はy=f(x)のように表現されるが,コンピュータプログラムの関数ではxを引数(ひきすう),yを戻り値と呼んでいる。(図表6参照)"
279,"実際に関数で分割するときには「どのような処理を行っているか」と同時に,引数(処理に必要なデータは何であるか),戻り値(処理結果のデータは何であるか)を把握する必要がある。(図表7参照)"
280,図表3のコードを関数に分割することを考える。関数の処理と引数と戻り値は次の通りになる。(図表8参照)
281,関数に分割した後のコードは以下の図表9である。
282,"Pythonで関数を扱う場合はdef文を使う。この例では「def listgoukei(a)」でlistgoukeiという関数で引数aとして定義しており,リストaの長さは事前にわからないことが多いので,「len(a)」でリストaの大きさを調べている。また,戻り値はreturnで指定する。この関数を使用するには「goukei = listgoukei(a)」としておくと,aを引数として処理結果がgoukeiに代入される。"
283,"一般にシステム開発では作成するプログラムは大規模なので,コードの長さも膨大となり,開発期間もその分大きくかかる。だが,多くのシステムでは「ボタンを押したらウィンドウが開く」や「ボタンを押したらファイルが保存される」処理について共通していることが多い。共通している処理についてAPI(Application Program Interface)として関数に近い形で提供されている。このAPIを使って開発することで,開発期間の短縮につながる。インターネット上のサービスやビッグデータへのWebの通信を利用したアクセス機能を提供しているAPIをWebAPIといい,現在のシステム開発において利用されている。(図表10参照)"
284,"WebAPIを利用し,郵便番号からそれに対応する住所を表示するプログラムを図表11に示す。"
285,なお必要なサービスやデータと引数と戻り値は次の通りである。
286,必要なサービスやデータ:郵便番号に係わるデータ 引数:郵便番号 戻り値:郵便番号に対応する住所
287,"PythonでWebAPIを扱う場合はOSのコマンドプロンプトを起動し,pip install requestsと入力してrequestsモジュールをインストールし,requestsモジュールとjsonモジュールをimport文で取り込む必要がある。また,この例で使用するWebAPIは「http://zipcloud.ibsnet.co.jp/」が提供するものである。この例では指定する郵便番号を「param = {""zipcode"": ""100-0013""}」で郵便番号100-0013を指定している。なお,実行結果は「東京都千代田区霞が関」と表示される。"
288,"線形探索はリストを先頭から順に比較しながら探索値に一致するデータを探し出す探索方法である。探索値とリスト内のデータを先頭から順番に比較していき,一致したデータがあれば,その場所(リストの添字)を表示する。図表1のような7個のデータa[0] ~ a[6]があり,探索値が「82」であるとする。右のフローチャートでは下記の①~③のように,図表1の左側から順に探索値の「82」と比較していくことになる。"
289,"コード例を以下の図表3に示す。aは探索対象のリストであり,pは探索値である。"
290,"リストの中から探索範囲を半分ずつ狭めながら目的のデータを探し出す探索方法である。 ここでは7個のデータa[0] ~ a[6]があり昇順にソートされており,探索値が「43」であるとする。"
291,"コード例を以下の図表6に示す。aは探索対象のリストであり,pは探索値である。"
292,"左側から探索を行う線形探索においては探索値が左端にあるか,右端にあるかによって探索回数が大きく変わり,1回の探索で見つかる場合もあれば,全てのデータを探索する場合も出てくるので,一般的にデータ数が多い場合は線形探索では時間がかかることが多い。"
293,"二分探索の場合は1回の探索で見つからなかった場合でも探索範囲をデータ数の半分に絞ることができるので,線形探索と比較すると,データ数が大きくなっても探索にかかる時間はそれほど増加しない場合が多い。"
294,"最大探索回数だけを比較すると,回数の少ない二分探索がよいアルゴリズムと考えがちだが,二分探索には事前にデータを並べ替えておく必要があり,一概によいアルゴリズムとは言い切れない。例えば「事前にデータが並び替えられている保証がない場合」や「データの数がそれほど多くなく,シンプルなアルゴリズムの方が望ましい場合」などは線形探索の方が有用な場合もある。"
295,"リストなどの中を昇順,降順に並べ替えることをソートといい,選択ソートやクイックソートなどがある。"
296,"選択ソートはリスト内のデータから最小値を探索し,最小値から順に取り出すことで並べ替えを実現するアルゴリズムである。(図表8参照)"
297,コード例を以下の図表9に示す。aはソート対象のリストである。なおa[i]とa[j]の値を入れ替える際には変数tempを使って以下のように行っている。
298,"クイックソートはリスト内の一つのデータを軸として,大小2つに分割した後,分割したデータに対して同じ処理を再度行うことにより並べ替えを実現するアルゴリズムである。(図表10参照)図表10では27と比較して分割した後,小さい方をさらに6と比較して分割している。"
299,コード例を以下の図表11に示す。aはソート対象のリストである。
300,"データ数がN個の場合,選択ソートにおいては「複数の要素から最小値を探す」処理をN-1回行うことになる。したがってデータ数が大きくなればなるほど「最小値を探す」処理の回数が膨大になり,処理に必要な時間が多くなりやすい。"
301,"それに対してクイックソートでは基準値を元に2分割しながら並べ替えの処理を行うので,二分探索と同じようにデータ数が大きくなっても処理の回数が膨大になりにくい。"
302,"しかしながら,クイックソートでは逆順に並べ替えられている場合など,ある条件下では比較を行う回数が膨大になり,選択ソートよりも処理に必要な時間が多くなることもある。"
303,"ソートアルゴリズムの場合においても,必ずしもクイックソートの方が優れたアルゴリズムであるとは言い切れないことがわかる。"
304,"モデルとは,事物や現象の本質的な形状や法則性を抽象化して,より単純化したものを指す言葉であり,事物や現象のモデルを作ることをモデル化と呼ぶ。"
305,"妥当性の高いモデル化ができれば,これを使って実際には行う事が困難な実験を計算だけで行なったり,複雑な現象を再現したりするための手段としても活用できる。"
306,"モデルを使って実際にどのような現象が起こるのかを予測する事を一般にシミュレーションと呼んでいる。シミュレーションを行う際に活用されるのがプログラミング言語や表計算ソフトウェア,シミュレーションソフトウェアなどである。"
307,"モデルは,表現形式や対象の特徴によって分類することができる。静的モデルは,プラスチックモデルや建築図面などのように時間的要素を含まないもので,動的モデルはレジの待ち行列や,気象予測,生物の成長など,時間的要素を含んだ事象のモデルである。また,確定モデルは不規則な現象を含まず,方程式などで表せるモデルであり,確率モデルはサイコロやクジ引きのような不規則な現象を含んだモデルである。"
308,"ここでは,確定モデルの例として,複利法による預金金額の時間的変化を考える。 複利法は元金に利息を加算し,それを次の期間の元金として利息を計算していく方法である。 法則が一定のものは簡単に数式に表すことができる。数式に表す事もモデル化である。"
309,●複利法の数式モデル 次期の金額=現在の金額+利息 利息=現在の金額×利率×時間間隔
310,"この数式モデルをプログラムに置き換えて10年間の預金額の変化を計算すると,次のようになる。"
311,"この実行結果から,5%の利率の場合には9年ほどで1.5倍になることがわかる。 さらにこの数式モデルの計算結果をわかりやすく評価するため,グラフで表示する。 グラフ表示のために,ここではPythonの標準的なライブラリmatplotlibを用いる。 グラフ化する際には,グラフの表題と各軸の単位などのラベル表示をしておく。"
312,"グラフ描画のためのライブラリmatplotlibの導入方法 (要インターネット接続) ・mac OS(Mojave)はターミナルから, \$ python3 -mpip install matplotlib ・windows10はコマンドプロンプトから,"
313,pip install matplotlib
314,"ここでは,サイコロの目の出方について,その傾向をとらえるためのモデル化とシミュレーションについて考えてみる。"
315,"6面体のサイコロは各面積が等しく,振り方に偏りが無ければ,目の出方は各面が6分の1の確率で出現するはずである。まず実際のサイコロを使って各目の出現確率を算出してみる。"
316,"コンピュータ言語には,このような一様乱数を発生させるための関数が標準的な機能として提供されている。一般的には指定した区間の中から一様にランダムな値(一様乱数)を得られる関数となっている。次のプログラムは一様乱数を発生させて表示する。"
317,"プログラムを実行すると,0~1の範囲で実行する度に異なった結果が得られることが確認できる。このような乱数を発生させる関数を使ってサイコロのモデルをプログラミングしてみる。"
318,整数で発生させる乱数はrandint()関数で提供されている。
319,"3行目では,1以上,6+1未満の乱数を発生し,小数点以下を切り捨てて1から6の整数を得ている。実行結果は次のようになる。(数えた数値は毎回異なる)"
320,1から6の目の出現数を度数分布(棒グラフ)に表現するためのプログラムは次のようになる。
321,"確率モデルを使ったシミュレーション手法に,モンテカルロ法がある。モンテカルロ法の特徴は対象のモデルに乱数を大量に生成して入力し,近似解を得ようとする手法である。"
322,"この方法を使って,円周率を求めてみる。"
323,"平面の第1象限部分のX方向に1,Y方向に1の長さをもつ正方形内に,ランダムに点を打つことを考える。ランダムに打った点のうち,半径1,中心座標(0, 0)の単位円の方程式「rr = xx + y*y」の第1象限部分の 範囲に含まれた点の数と,全ての点の数との割合は,点の数が多ければ多いほど,円の第1象限部分の面積(π/4)に近づいてくるはずである。(確率的に近づいてくる。)"
324,"このような事に気が付けば,円周率を求めるプログラムを次のように書くことができる。"
325,"このプログラムを何度か実行してみると,毎回結果が異なることがわかる。また,点の総数を増やすほど,結果が円周率に近づくことも分かる。"
326,"点の様子がわかるよう,円の中に入った点と円の外だった点の色を変えて散布図を作成するプログラムを以下に示す。図表13の13行目の実行結果は,図表14と別のWindowに表示される場合もある。"
327,"物体の放物運動をモデル化し,初速度と投げ上げる角度によって,物体がどのような軌跡を描いて飛んでいくのか,遠くに飛ばすためにはどのような角度で投げるとよいのかという問いの答えを導く。ここでは,単純化のために,空気抵抗を省いてモデル化する。"
328,"物体の移動する軌跡は物体の水平(X)方向と鉛直(Y)方向の移動に分けて考え表現することとし,垂直方向には重力加速度を受ける。"
329,"ここでは,三角関数は速度を縦と横に分けて考えるために用い,運動を表す式では,水平方向は一定の速度,鉛直方向は,一定の割合で下向きに速度が増えていくと考えてモデル化している。自然現象を表すためには,数学や物理の知識が必要なことも生徒に伝えるようにする。"
330,"水平方向は摩擦を受けない条件から等速運動であり,任意の時点での加速度は投げ上げた時の初速度と等しい。"
331,"微小時間後の位置 = 現在の位置 + 現在の速度 × 時間間隔 現在の速度 = 初速度 また,物体を投げ上げる角度と初速度から,水平方向の初速度は, 水平方向の初速度 = 初速度 × cos(投げ上げる角度) である。"
332,"鉛直方向は重力加速度によって速度が変化していく。任意の時点の速度に対し,微小時間後の速度は重力加速度の影響を受けて減少しているため,この間の速度の平均(平均速度)を用いて算出することとする。"
333,"微小時間後の位置 = 現在の位置 + 平均速度 × 時間間隔 平均速度 = (現在の速度 + 微小時間後の速度)/2 微小時間後の速度 = 現在の速度 - 重力加速度 × 時間間隔 また, 鉛直方向の初速度 = 初速度 × sin(投げ上げる角度) である。"
334,"作成した数式モデルをプログラムで記述して実行してみる。さらに,条件を変えながらシミュレーションを繰り返し,問題解決に役立てる事を理解する。"
335,"プログラム中に用いる変数と諸条件の対応をわかりやすくするためにも,変数表を作成しておくとよい。"
336,"さらにこの数式モデルのシミュレーション結果をわかりやすく評価するため,グラフで表示する。"
337,"コンピュータにおける算術演算において,三角関数の引数となる角度は弧度法(ラジアン)である。ラジアンとは,円(扇型)の半径の長さと等しい弧の長さとなる中心角を1とする単位で,0度=0ラジアン,90度=π/2ラジアン,180度はπラジアン,360度=2πラジアンとなる。"
338,角度からラジアンへの変換は角度にπ/ 180を掛ければよい。
339,"放物運動のシミュレーションプログラムの変数を変えながら,同一ファイル内で複数回実行すれば,次のように結果の比較もできる。"
340,"自然界における生物の個体数は,ある一定の環境内で一気に繁殖することがよく知られている。"
341,"おおむね,その環境は限られた範囲内であり,その範囲内に生存しうる個体数の上限をここでは環境収容力と呼ぶ。単位時間あたりに個体数が増加する数は,個体数×増加率で求めることができ,個体数が多くなればなるほど増加数が増える。"
342,"また,単位時間当たりに個体が減少する数は,個体数×減少率で示すことができ,増加数同様に個体数の数に比例して減少する。 一方,環境収容力と個体数の増加は個体の減少に強く働くこととなるため,ここでは, 減少率 = (現在の個体数/環境収容力)×増加率 と定義する。この定義によって,個体数は環境収容力以上の数に増えると増加より減少数の方が増え,一方環境収容力より個体数が少なければ増加数が増える。"
343,"以上の諸量について次のように設定し,プログラミングしてみる。"
344,"このプログラムを実行すると,次のような結果が得られる。"
345,"プログラムでは単位時間あたりの増加率を1%としているが,増加率を引き上げれば生物の繁殖速度を実感できる。"
346,"個体数が制約条件の中で成長するこのような曲線をロジスティック曲線と言い,環境収容力に収束するS字曲線として有名である。"
347,"ブラウン運動や株価の変動など,不確実な現象のシミュレーションとして用いられるモデルに,ランダムウォークがある。"
348,"ここでは,乱数を使ったシミュレーションとしてランダムウォークを取り上げ,複雑な物の動きについて,視覚的に確認できるようなシミュレーションを行ってみる。"
349,"ある物体が次の時間変化後にどの方向に行くか予測できない状況で,その動く方向が一様な乱数に従う場合,現在位置(x 0,y 0)と次の時間変化後の位置(x, y)との関係は,0~1の乱数を発生させる関数random()を用いると, x = x0 + random( ) – 0.5 y = y0 + random( ) – 0.5 と表すことができる。この処理を1000回繰り返してグラフに表示してみる。"
350,"このプログラムを実行すると,実行する度に異なる次のようなグラフ表示がされる。"
351,"ランダムウォークは,でたらめに行動する生物や,人間の行動などを分析するため,様々な分野のシミュレーションの基礎として利用されており,近年では機械学習によく用いられている。"
352,"LAN(Local Area Network)には様々な規模のものがある。家庭やコンビニエンスストア,歯科医院のような小規模なLAN,学校や企業の営業所のなどの中規模なLAN,企業や都道府県内の学校ネットワークなどの大規模なLANである。このようなLANの規模とは何をもとに考えたらよいのだろうか。"
353,"最も身近な家庭内のLANや学校のコンピュータ室のLANについて考えてみよう。家庭内のLANは何のために構成されているのだろうか。いくつかの情報機器がインターネットへの接続を必要としているのでそれをまとめるためにLANを構築していることもあれば,家庭内で録画してあるビデオや保存してある写真,ファイルなどを共有できるようにLANを構築していることなどが考えられるだろう。これらの家庭内のLANについては,既に外部への接続(ルータ等)の部分は確保されている場合もあれば,回線を契約して,必要な接続機器を設置してもらっていたり,携帯電話のキャリアやCATVが提供している機器などを導入していたりと様々な形態をとっていることもある。ルータ等のLANの内部と外部を分ける機器については,どのような役割を果たしているのか,IPアドレスや簡単なプロトコル,ファイアウォールなどとの関係などとともに生徒に理解させることが必要である。学校のコンピュータ室などでは,コンピュータ室のLANが学校内のLANの一部である場合や,コンピュータ室のLANが学校内のLANから独立している場合の違いにより,その仕組みや活用方法も異なってくることも理解が必要である。"
354,"さて,家庭内のLANに話を戻そう。家庭内のLANに接続している機器にはどのような機器があるだろうか。単なる情報機器だけではないだろう。パソコン,タブレット,スマートフォン,プリンタなどの情報機器だけでなく,テレビ,録画用のハードディスクレコーダ,電話,電子レンジなど,調べてみると,さまざまな機器があげられることだろう。またこれらを接続するためにハブや無線のアクセスポイントなどの機器もあるかもしれない。1つの家庭のLANに何台の機器が接続されているか。有線で接続されているか,無線で接続されているかを調べる実習などを,実際の生徒に課すことにより,家庭電化製品とインターネットとの関わり,IoT(Internet of Things)への理解を深めることができる。"
355,"同様に学校のコンピュータ室やコンビニエンスストア,レンタルCDショップ,歯科医院などの小規模な店舗についても考えてみる。学校のコンピュータ室に関しては,接続機器の台数は多いと考えるが,小規模な店舗などでは,家庭と同程度かまたはそれより少し多い機器が接続されているだけである。店舗や学校のコンピュータ室のように数十台までの接続機器が参加しているLANをここでは,小規模なLANと考えてみる。"
356,"この演習については,紙のワークシートに手書きで描いてもよいが,コンピュータを利用して描いてみることをお勧めする。一般的なワープロソフトウェアを利用してもよいが,draw.ioなどの専用のソフトウェアを使ってみるとよいだろう。"
357,"draw.ioは,このようなネットワークの図やフローチャートなどの流れ図などを描くことのできる無償のソフトウェアである。ダウンロードして使うバージョンもあるが,コンピュータへのフリーウェアなどのインストールの危険性を危惧するならば,Web版のdraw.ioを使用することをお勧めする。"
358,"Webブラウザまたはアプリケーションを開くと最初に図表2のような画面が表示されるので,言語を設定したのちに「新規ファイルを作成する」を選択して,始めることができる。"
359,"残念ながらパーツの選択に関して,検索は英語のみしかできないが,楽しみながら家庭内LANの図が書けると考える。"
360,"TCP/IPの4階層モデルについて説明する。インターネットの通信において,通信する際の規定を定めたものを通信プロトコル(略してプロトコルということもある)という。このプロトコルがあることで,相互に通信を行うことが可能になっている。TCP,IPv4,IPv6,DHCP,HTTP,SMTP,POPなど様々なプロトコルがインターネットの通信で用いられるが,これらは,4層のレイヤに分けて考えることができる。インターネットでアプリケーション同士が通信する際は,上位のアプリケーション層から下位の層に移動することで,通信手順が付加され,ネットワークインタフェース層で物理的な通信を行っていく。"
361,"さて,有線LANと無線LANの違いとはどこにあるのだろうか。外見上は,有線がEthernet(イーサネット)(IEEE802.3(アイトリプルイーハチマルニテンサン))に従った規格の通信であり,無線はLANケーブルなしでEthernetの通信技術を実現したものである。物理的な違いであり,実際には通信上のネットワークインタフェースがEthernetの電気信号であることと電波を利用することの違いである。急速に無線LANは普及しており,2020年の東京オリンピック等の影響もあり,公衆Wi-Fiスポットの増加など,これからも無線LANは広がっていく傾向になるだろう。"
362,"無線LAN,現在ではIEEE802.11で規格化され,通信品質や速度の問題に関しては,あまり問題はなくなってきている。無線ルータに書いてあるIEEE802.11の種類と対応については理解しているだろうか。IEEE802.11について,製品に記載されている規格,周波数帯,最大速度などについて,生徒に調べさせる実習なども行ってもよいだろう。"
363,"さて,無線LANには,暗号化の方式も複数存在している。また,公衆無線LANの中には,暗号化されていないアクセスポイントも多く存在している。スマートフォンのモバイルデータ通信容量を節約するために,ファーストフードチェーンやコンビニエンスストア,携帯電話キャリア等の設置している公衆無線アクセスポイントを活用している生徒も多い。また,それ以外でも公共交通機関,自治体等が設置しているアクセスポイントも多く見つかる。このような公衆無線LANで,どのような暗号化方式が使われているのか,暗号化が使われていないまたは安全性の低い暗号化方式が使われているアクセスポイントではどのような点に注意すればよいのかについて意識させることも大切な情報スキルであると言える。"
364,"さて,暗号化方式については,OSや通信機器のメーカーによって様々な呼び名を用いているので整理してみる。大まかに整理すると,次の表のように認証方式と,暗号化アルゴリズムのペアで用いられていることが多い。"
365,"表を見てわかるように製品によって,認証方式を示しているのか,暗号化アルゴリズムを示しているのかがわからない部分もあるので,整理しておく必要がある。有線LANでは物理的なケーブルを用いてデータを転送するのに対して,無線LANでは,空気中を電波でデータを伝送するために,傍受することが容易であることがデメリットである。"
366,"共通鍵暗号ならば,暗号化,復号の両方で同じキーを使うので,この方式を使う無線LANは,キーがわかってしまえば,安全な通信はできないことになる。"
367,"このうち,WEPは古くから使われている方法ではあるが,現在ではフリーウェアを用いて暗号化キーが数秒で解読されてしまうほど,脆弱な暗号であることが知られ,現在ではほとんど使われていない。そのため安全性を高めるためにWPA-TKIPや更にセキュリティを高めたWPA2-CCMP(AES)が用 いら れて いた が,2017年10月16日に「『Wi-Fi Protected Access 2 (WPA2)』に存在する脆弱性が複数発見された」(https://www.krackattacks.com)との報道により,全世界は震撼した。これによって,新たな規格であるWPA3が検討されてきている。"
368,"家庭内LANでは,Wi-Fiは今や欠かせない通信技術だが,このように脆弱な部分や危険性についても理解しておく必要もある。公衆無線LANでは,いまでもWEPという,脆弱な技術を使用している場所もあるし,そもそも暗号化方式を設定していない無線アクセスポイントも多くある。生徒自身が家庭内で無線アクセスポイントを設定する権限がなかったとしても,自身のPCでMicrosoft Windowsなどの機能で無線ホットスポットを設定した場合,不正浸入の入り口を作ってしまう危険性もある。これにより,内部の情報機器への侵入が可能と言うことも理解させたい。そのために公衆無線LANでしてよいことと,問題がある危険性を持つことに分けることが必要になる。また,安全が確保されていない無線LANでは,VLANを設定するなどの知識も生徒に理解させることも必要になる。安全性が確保されていない無線LANには,できるだけ接続しないようにする。"
369,"実際の小規模な無線LANの構築に関しては,学習19で触れる。その際にも無線ルータやアクセスポイント,暗号化方式などの知識が必要になる。また,家庭向けの無線ルータには,ゲストモードなどの外部からオープンで接続できるアクセスポイントを設定できるものもある。これらの接続の際に留意することに関しても,授業の中では,生徒の理解を深めるために議論させることが大切となる。不用意に購入してきたままの設定で使用している家庭や個人も多いことが,トラブルの原因を作っていることもある。理解した上で,きちんと設定ができるように,生徒の知識と技能を高めることが大切である。"
370,"情報通信ネットワークのプロトコルに関しては,現行の学習指導要領でも触れられており,多くの教科書でも扱われているが,形式的に覚えさせる内容ではなく,実際に何が行われているのか,それぞれのレイヤが何を意味しているのかについて,いくつかの例を理解させることが必要になる。お互い顔が見えない場所でトランシーバーや糸電話で通信を始めるとき,どのような事前の約束事が必要になるのか,それぞれの約束事やモノが,実際の情報通信ネットワークでは,何に対応しているのか。また,複数人での一斉通信を行うSkypeやテレビ電話などを行うときに,お互いにどのようなことに配慮すればよいのか,などを考えることからプロトコルの一部を理解する学習活動が考えられる。"
371,"家庭内LANのような小規模なLANに必要な機器に関しては,学習18でも扱ったが,ここでは,実際に必要な機器を用いてLANを設計し,構築していくことを考えよう。"
372,"まず,小規模なLANを設計するには,LANの利用目的と必要な機器の選定が必要である。家庭内LANならば,接続する機器は既に定まっているだろうし,そこに無線LANをもとにした小規模なLAN構築に必要な機器を考えることから始まる。情報機器がIEEE802.11のどの規格に対応しているのか,インターネット接続に関して,どのようなプロトコルが必要なのか,LANを分割する必要があるのか。無線LANのアクセスポイントをいくつ設置すればよいのか。ルータとアクセスポイントやハブとの接続の環境はあるのか,などの様々な問題が考えられる。細かい仕様に関しては,調べることが可能であるので,物理的な接続に関して家庭内LANの設計を考えるとよいだろう。また,各機器の設定に関しては,「(2)情報機器をLANに参加させる方法」で考えていこう。LANの設計に関しては,学習18で紹介したdraw.io(アプリケーションまたはWebアプリ(https://www.draw.io/))を用いて,LANの構成図を書いて考えるとよい。"
373,"自分で構築した小規模な無線LANに機器をどのようにしたら参加させることができるのだろうか。これは,既にある無線LANにスマートフォンなどを接続した経験がある生徒ならば容易に理解できるだろう。家庭内などの接続する人が特定できている場所での接続に関しても,外部からの不正な侵入も考慮し,SSIDを公開しないことや暗号化キーを分かりづらいものにしておくこと,暗号化方式を容易に解読されないものにしておくことが必要である。そのため,SSID,暗号化キー,暗号化方式などの情報が無線LANに参加するのに必要になる。家庭内の情報機器によっては,IPアドレス等を設定することが難しい機器などもあることから,DHCPのIPアドレスの配布やWPSなどの簡易的に接続する方式などを利用することも多くあるだろう。"
374,"しかし,これが学校や企業内LAN,さらには公衆無線LANに自分の情報機器を参加させる場合には状況が異なってくる。特定多数あるいは不特定多数の人が無線LANを利用するからである。そこでは,LANへの参加の容易さとセキュリティとのトレードオフがある。"
375,"学校や企業内LANに自分の機器を参加させる機会は少ないかもしれないが,デジタル教科書などの活用が始まるこれからの学校では,学校内に無線LANの環境を整備し,生徒個々人の情報機器をLANに参加させる必要が生じることが考えられる。一方で,学校の生徒は容易に接続できるが,外部の人に容易に接続できないような工夫が必要である。また,コンビニエンスストアやファーストフードチェーン,公共交通機関,地方自治体等が提供する公衆無線LANは接続の容易さと引き替えにセキュリティに関しては,低く設定されている場合もある。これらの公衆無線LANに関しては,大手の通信キャリアが回線を提供している場合なども多いが,その利用やセキュリティに関しては利用者個人の責任となる場合もあるので利用には注意が必要である。学習18の演習では,このような公衆無線LANについて,調べる実習を用意している。"
376,LANを構築する際に必要なセキュリティについて理解できる。
377,"前節では,物理的なLAN接続について考えたが,本節では設定について考えてみよう。まず,無線ルータや無線のアクセスポイントをどのような設定にしているのか知ることが必要である。"
378,"無線の接続に関しては,IEEE802.11の規格,暗号化方式,SSIDの設定,DHCPの設定,フィルタの設定など,様々な設定内容が用意されている。これらの内容を理解し,適切な設定ができることが大切である。"
379,"無線ルータを購入した設定のままで接続し,利用している家庭について安全面で不安な部分が多く考えられる。それに対して,ある程度の設定ができるスキルを身に付けることが,無線LANが主流となりつつある現在でインターネットを活用する生徒に必要であろう。無線ルータや無線アクセスポイントの暗号化方式に関しても学習18で説明したように脆弱性の見つかったものなども多くある。どのような暗号化方式を利用すればよいのか。SSIDは外部から参照可能なものにした方がよいのか,見えないようにすべきなのか,その危険性についてなど話し合いをすることも必要である。暗号化キーの管理に関してもパスワードの管理と同様にわかりやすいものにすれば,悪意のある者からも解読されやすくなり,セキュリティが低下する,というトレードオフの部分をどのように解消するのかも問題となる。また,情報機器にIPアドレスをリースするDHCP(Dynamic Host Configuration Protocol)に関しても,設定する方がよいのかどうかで議論の分かれるところである。家庭内と学校や企業内では,セキュリティの基準が異なるので,設定が異なるものになるのは当然のことである。"
380,"これらの演習に関しては,先に挙げたようなルータの設定画面などを見ながら,実際に設定してみると理解が深まるだろう。"
381,"自宅で友人や外部の人たちにWi-Fi環境を提供したい場合などにどのように対応できるかとの問題である。このような場合は少ないかもしれないが,自分がカフェなどの店舗のオーナーであったとき,どのように業務用の無線LANとお客様へのサービスとしての無線LAN環境についてセキュリティを保ったまま維持できるか,という問題と同様である。このような仮想の設定などで対応を考えることで,実際のLANの構築に対応するスキルを身に付けることができる。インターネット回線が2つある場合,ネットワークをどのように分割すればよいのか。様々な方法を考えることが可能である。"
382,"LANにおいては,様々なトラブルが生じることがある。 -インターネットに接続できない。 -無線LANのアクセスポイントに接続できない。 -電子メールを送信できない。 -必要なアプリをダウンロードできない。 -家庭内のHDDやサーバに接続できない。 -家庭内のネットワークプリンタに出力できない。"
383,"など,様々な問題が起こることがある。"
384,"これらの問題には,どのような対応をすればよいだろうか。すぐにインターネットの回線業者に電話し,修理を依頼するのだろうか。また,ルータやPCを新規に購入するのだろうか。"
385,"まずは,トラブルの原因を特定し,それが自分で復旧できる内容ならば対処し,自分で対応できないものであれば,業者に修理を依頼する,または新規に購入するという判断になるだろう。それでは,どのようにトラブルの原因を特定すればよいのだろうか。"
386,"例えば,ネットワークに接続されたプリンタに出力できない場合には,以下のような問題が考えられる。 1.プリンタの電源が入っていない。 2.プリンタが紙切れ,インク切れになっている。 3.プリンタにネットワークの設定がされていない。 4.プリンタにネットワークの接続がされていない。 5.プリンタに接続しているネットワークの機器に不具合がある。 6.印刷の命令を送っていない。 7.印刷するためのアプリが適正に設定されていない。 8.自分の情報機器がLANに接続されていない。 9.自分の情報機器のLANの接続の設定が誤っている。 10.自分の情報機器のプリンタの設定がされていない,または誤っている。"
387,"などである。次にこれらを点検する順序に並べてみる。自分の情報機器からプリンタへの順序でも,自分が点検しやすい機器から点検していくという順序でもよいと考える。大切なのは,それぞれの問題の点検項目で何が特定できるかと言うことである。例えば,④の問題を点検するには,プリンタのLANポートにケーブルが接続されているのか,または無線LANであれば,適当なアクセスポイントに接続できているかを点検すればよいだろう。それによって,プリンタとLANとの物理的な接続に障害があるのかが特定できる。有線の場合,プリンタ側のLAN接続を示すLEDがついているかどうかも目安となる。⑤とも関係しているが,プリンタに確かにケーブルは接続されているが, LEDがついていないときなどは,ケーブルを交換してみる,同じHUBのプリンタが接続されていた同じポートに別な情報機器を接続して試してみる,同じHUBの別なポートにプリンタを接続してみる,などをすることで,プリンタ側のLAN接続装置の異常やHUBのポートの異常,ケーブルの不良などを調べることもできる。つまり,どの部分を調べるかによって,障害の切り分けが可能なのである。これらを効率よく行い,障害を特定していくためには,どのような順序で点検すればよいかを考えればよいのである。また,ケーブルの不良ならば別なケーブルに交換すればよいが,LAN接続装置の故障ということになれば,プリンタを修理に出すか,新規に購入するという対応になる。"
388,"また,PCやスマートフォンからプリンタに接続している場合,そのプリンタがPCなどのLANに接続されている機器などから,見ることができるかどうか調べる技術に関しても学んでおきたい。プリンタドライバなどから,LAN上のプリンタの状況をどこまで監視できるのか,調べてみることもこの演習の応用として考えることができる。"
389,"情報通信ネットワークにおいて,LAN上のトラブルの障害の切り分けは,主に利用者が行うとよいだろう。トラブルへの対応を外部へ依頼するか,自分で対応できるかを適正に切り分ける能力を育成することによって,外部に修理等を依頼する際にも適切な説明ができるような力を育成することができると考えている。"
390,"私たちの生活や様々な産業の中で,様々な情報システムが活用され利便性が向上している。オンラインショップのシステムや電子決済システムなどにより便利に買い物ができるようになっている。情報システムが提供するシステムは行政,医療,教育など幅広く構築され,活用されている。主な情報システムには,図表1のようなものがある。"
391,"これらの情報システムは,情報通信ネットワークにより様々なデータが送受信されて運用されている。情報システムにより蓄積された膨大な量のデータ(ビッグデータ)を課題解決に活用することが近年重要視されている。個人情報を含むデータや企業活動の根幹にかかわるデータは,漏洩することがないよう情報セキュリティを確保する必要がある。一方,公益性が高いデータについてはオープンデータとして公開される動きも広がっている。"
392,"国や地方公共団体及び事業者が保有するデータには,誰もがインターネットを通じて得られるよう公開されるものが増えつつある。このうち,次のような項目に該当する形で公開されたデータはオープンデータと呼ばれている。"
393,"このうち「機械判読に適したもの」として,「コンピュータプログラムが自動的にデータを加工,編集できること」ができるようなものも含め,オープンデータを普及させる取組が官民をあげて推進されている(官民データ活用推進基本法(平成28年制定・施行))。このようなオープンデータが公開されることにより,次のような効果が期待されている。"
394,"オープンデータの定義 1.営利目的,非営利目的を問わず二次利用可能なルールが適用されたもの 2.機械判読に適したもの 3.無償で利用できるもの"
395,"このうち「機械判読に適したもの」として,「コンピュータプログラムが自動的にデータを加工,編集できること」ができるようなものも含め,オープンデータを普及させる取組が官民をあげて推進されている(官民データ活用推進基本法(平成28年制定・施行))。このようなオープンデータが公開されることにより,次のような効果が期待されている。"
396,"オープンデータとしてデータが公開される意義・効果 1.国民参加・官民共同の推進を通じた諸課題の解決,経済活性化,多様なサービスの提供・公共サービスの提供・改善,諸問題の解決への貢献 2.行政の高度化・効率化,情報を根拠とした政策・施策の企画・立案,効果的な行政の推進 3.透明性・信頼の向上,政策などに関する十分な分析・判読が可能,行政の透明性・信頼性の向上"
397,"データを活用するためには,容易にデータを処理する必要がある。特に災害発生時のように緊急を要する場合には,迅速性が求められる。紙の資料を読み取った画像だけのPDFファイルを活用するには,改めてデータを入力することが必要となる。また,表計算ソフトウェアに入力されたデータであっても,印刷するための書式では,データを活用するために整形することが必要となる。一方,プログラムを用いてデータを二次利用する場合に,機械判読が可能となっていれば,さまざまなデータを組み合わせて新たな情報を生み出すことができる。"
398,"オープンデータが十分に活用されるよう,総務省による研修資料では,図表2のようにファイル形式を掲載し,利用しやすいデータの公開を推進している。"
399,"国や地方公共団体では,様々なデータをオープンデータとして公開している。国により,人口や世帯,経済,産業,安全,環境,教育など省庁が調査したデータが公開されている。また,気象庁が観測した気象データ,国立環境研究所による大気汚染や騒音などの観測データなど,専門的に観測しているデータも公開されている。"
400,"地方公共団体では,取り組みにばらつきはあるが,市町村の人口だけでなく,町丁字ごとの人口や避難場所,地方公共団体が設置したAEDの設置場所,フリースポットの場所,市内を走るバスに関するデータなど生活に密着したデータを公開している地方公共団体もある。"
401,"データの活用方法として,最大値,最小値,中央値,四分位数,最頻値,平均値,分散,標準偏差といった基本統計量を求め,各統計指標の状況を整理したり,相関分析や回帰分析等を通して問題発見や問題解決に役立てることが考えられる。そのような統計的な分析だけでなく,データを可視化することにより,問題発見や問題解決ができる。"
402,"ここでは,地理情報データをGIS(Geographic Information System)を用いて可視化することを取り上げる。GISには,無料のMANDARA10,Quantum GISや有料のArcGISなどがあり,防災等の地域分析が可能となる機能が提供されている。ここでは,政府統計の総合窓口(e-Stat)の統計GISを用いて,データの可視化と問題発見を行う。"
403,"オープンデータである政府統計ポータルサイトから町丁・字等別人口密度のデータと埼玉県オープンデータポータルサイトから川越市のAED設置場所データを使って,2つのデータを重ねることで問題を発見してみましょう。"
404,"地図で見る統計(jSTAT MAP)は,ログインしなくてもある程度の機能は使える。しかし,今回は,オープンデータから川越市の公共AED設置場所データをjSTAT MAPにインポートして表示する。そのためには,アカウントを作成してログインする必要がある(図表4)。"
405,"アカウントを作成するには,はじめにメールアドレスを仮登録する。仮登録の直後に,本登録用の案内が書かれたメールが自動返送されるので,メールの指示に従って操作することによりアカウントが作成できる。"
406,"川越市のAED設置場所データを埼玉県オープンデータポータルサイト(https://opendata.pref.saitama.lg.jp)からダウンロードする。ここでは,緯度・経度が掲載されたCSVデータを取得している。(各サイトによっては取得方法が異なるため手順は省略する)"
407,"次にCSVデータをjSTAT MAPに読み込めるよう,Excelを使って整形する。CSVデータを開く際に文字コードの影響により,文字化けする場合がある。この場合には,メニューバーで[データ]に切り替え,「外部データの取り込み」の[テキストファイル]のボタンを使って開くことにより,文字コードを指定して開くことができる(図表5,Excel 2016の場合)。CSVデータを開いたら,最初の列には設置施設名,末尾の2列には経度・緯度となるように,列の順序を入れ替える(図表6)。図表6では,不要な列を非表示にしているが,削除してもよい。データの整形が終わったら,保存する。"
408,"jSTAT MAPを起動し,川越市のAED設置場所データと町丁・字等別人口密度を組み合わせた地図を作成する。ここでは,AED設置場所データを先に描画する。"
409,"メニューの[統計地図作成]を選択するとサブメニューが表示される。その中から[プロット作成]を選択すると,プロットの作成方法を選択する画面が表示される。手順2で整形したCSVデータを用いるので,[緯度経度付きファイル]を選択する。図表7のファイルを選択するウインドウ が表 示さ れる ので, [参照]ボタンを押し,手順2で整形したデータを選択して,アップロードする。正しくデータを読み込めた件数が表示されるので,必要に応じてグループ名やアイコンを変更して[登録する]ボタンをクリックする。以上でAED設置場所が地図上に表示される。"
410,"次に,川越市の小地域(町丁・字等別)の人口密度を描画する。人口密度のデータは,政府統計の総合窓口(e-Stat)で公開されているデータを用いる。メニューの[統計地図作成]を選択し,サブメニューの中から[統計グラフ作成]を選択する。図表8の左図が表示されるので,調査名を[国勢調査],年を2015年,集計単位を[小地域(町丁・字等別)],統計表を[人口性比,密度],指標を[密度(人口総数)]と順に選択する。表示する指標である[密度(人口総数)]を選択できたら,[指標選択]ボタンをクリックする。"
411,"図表8右図に切り替わるので,小計単位を[小地域],集計範囲を[行政界選択]とすると,都道府県,市区町村の順に選択できる。ここでは,埼玉県川越市を選択する。"
412,"目的の行政界を選択したら,[集計開始]ボタンをクリックする。"
413,"必要に応じて,人口密度の刻み幅を変更したり,凡例の表示を修正することにより,図表9のような地図が描画される。"
414,"描画された図から,人口密度が高いにも関わらずAEDの設置が少ない場所を見つける。"
415,"データの蓄積や検索が容易にできるよう,一定の形式でデータを整理してデータベースが用いられている。データベースのうち,特にリレーショナルデータベース(関係データベース)が広く用いられている。リレーショナルデータベースは,表形式で表現されたテーブルというデータの集合として管理する。テーブルの列には,フィールドといわれる「書籍名」や「作者名」という項目を割り当てる。1件分のデータはレコードといわれる1つの行で表す。また,複数のテーブルを関連付けて,結合して利用することもできる。リレーショナルデータベースには,有料のものの他にMySQL,PostgreSQLなどの無料で使えるものがある。リレーショナルデータベースを操作するには,SQL(Structured Query Language)という言語が用いられる。リレーショナルデータベースについての例を図表1に示す。"
416,"リレーショナルデータベースでは,「選択」・「射影」・「結合」という関係演算を用いて処理することが多い。選択はテーブルから条件を満たすレコードを抽出する操作である。図表1では,書籍テーブルから作者IDが1001であるレコードを選択した場合を示している。射影はテーブルから一部のフィールドを取り出す操作である。図表1では,書籍テーブルから「書籍名」のフィールドを抽出する例を示している。結合は複数のテーブルを1つの表にする操作である。"
417,"テーブルに対して,データを追加したり,レコードを削除したりすることもできる。これらの操作をするSQLも演習1に示す。"
418,"例に示したデータベースは,書籍と作者の2つのテーブルで構成されている。1つのテーブルにまとめてデータを管理することもできるが,すべてのレコードに同じ作者名が含まれることになる。テーブルを分けることにより,データが冗長になってしまうことを避けることができる。また,作者名の値を変更しなければならなくなった場合に作者名テーブルを更新するだけでよく,書籍テーブルを変更することなく済ませることができ変更漏れも生じない。このようなテーブル設計の工夫を,テーブルの正規化という。"
419,"つながりを表すデータなど,表形式以外の方法でデータを表現した方が扱いやすい場合がある。そのようなデータを表現する方法を理解する必要がある。"
420,"SNSでの人のつながりや鉄道の路線などのような関係性について図を使って表現する。図表2では,aからfまでの6人の人のつながりを表している。aからfまでの人を表す丸を頂点(バーテックスまたはノード),人と人とのつながりを表す線分を辺(エッジ)といい,頂点と辺で構成された図を離散グラフという。図表2では特に方向性を考えない無むこう向グラフになっている。人のつながりでの片想いの関係や一方通行の道路のような,方向性を考慮した有向グラフを考えることもできる。"
421,"図表2の離散グラフをコンピュータ上で表現するには,コンピュータで扱うことができるデータ形式で表現する必要がある。一つの例として,2次元配列を用いて表現することができる。頂点どうしがつながっていれば1,つながっていなければ0として表現する。このように表現する方法を隣接行列という。隣接行列を用いて表現する場合,辺の本数が少ない場合には,隣接行列の要素の多くが0である疎行列になってしまう。"
422,"そこで,接続している頂点のリストを頂点ごとにデータとして,次のような隣接リストとして表現する方法が考えられる。頂点aには頂点bとcが接続していることを示し,頂点b以下も同様である。"
423,"{a : [ b,c,d ] , b : [ a , d ] , c : [ a , d ] , d : [ a , b , c , e ] , e : [ d , f ] , f : [ e ] }"
424,"隣接リストでは,注目している頂点という項目と,接続している頂点のリストという値との組として表現されている。このように,項目(キー)と値(バリュー)との組により表現されるデータの形式をキー・バリュー形式という。"
425,"隣接リストの形式では,疎行列のような不要なデータについては解消されるが,頂点同士が接続しているかどうかを調べるには隣接リストをたどって調べる必要が生じる。離散グラフをコンピュータ上で扱う際には,離散グラフを用いてどのような問題を解決するかを考えて表現することが求められる。"
426,"インターネット上のシステムによりさまざまなデータが提供されている。前項ではサイト上からcsv形式のデータをダウンロードして問題解決に用いたが,プログラムでデータを扱えるようWeb API(Application Programming Interface)によりデータを提供しているサイトが多くある。Web APIでは,XML形式やJSON形式でデータが提供されている場合が多い。XML形式での属性と要素の組合せ,JSON形式でのキーと値の組合せにより,項目と値をセットにして扱うことができる。"
427,"ここで,実際にWeb APIを利用してデータを取得する。Web APIを利用するには,一般にユーザ登録が必要である。"
428,"ここでは例として,YAHOO!JAPANデベロッパーネットワークに登録し,気象情報APIを使って,JSON形式とXML形式のデータを取得する。"
429,"YAHOO!JAPANのユーザ登録をし,ログインしてクライアントIDの申請を行う。APIを使えるようにするため,「新しいアプリケーションを開発」の登録をhttps://e.developer.yahoo.co.jp/registerにアクセスして行う。クライアントIDを取得できたら,ブラウザからWeb APIを利用して60分後までの降水量の予測値のデータをXML形式とJSON形式で取得する。ここでは,取得できるデータ形式の一部を図表3に示す。「クライアントID」と書かれた箇所には,先に登録したクライアントIDを用いる。"
430,"データを取得するURL(入力時には改行しない) https://map.yahooapis.jp/weather/V1/place?appid={クライアントID}&coordinates=経度(東経),緯度(北緯)&output={jsonまたはxml}"
431,"XML形式では,タグがキーになっており,タグ間にバリューがはさまれている。JSON形式では,コロンの前が項目,コロンの後ろが値になっている。若干の値の違いはあるが,いずれも項目と値をセットにしてデータが表現されている。APIについては,サービスが停止したり,該当のURLが変更になったり,問い合わせの書式が変わったりする場合がある。APIを使ってデータを取得する場合は,そのサービスが提供されているかを確認するとともに,最新のURLと問い合わせの書式を調べて行う必要がある。"
432,"キー・バリュー形式のデータを扱うことができるプログラミング言語もある。プログラミング言語によっては,連想配列・ハッシュ・辞書などと呼ばれている。ここでは,Pythonの辞書というデータ構造を用いて連絡先のリストを作ることを題材として,データを追加し,表示するプログラムを扱う。"
433,"携帯電話の普及に伴い,固定電話を自宅に有しない人もいる。また,一人で複数のメールアドレスを使っている人も珍しくない。次にあげる3名の連絡先をキー・バリュー形式でmembersという配列に代入し,表示するプログラムを例示する。"
434,"(1)でリレーショナルデータベースを扱ったが,Amazon Dynamo DBやオープンソースであるHibariといったキー・バリュー形式に対応したデータベースもある。また,他のデータ形式に対応したデータベースもあり,これらのデータベースを総称してNoSQLと呼ばれている。NoSQLはビッグデータの活用と関連して注目されている。"
435,"ここで,キー・バリュー形式で取得できたデータを用いて,問題発見に役立てる。SNSの開発者登録が必要ではあるが,SNSでつながりがあるユーザーのデータをWeb APIを利用して取得することができる。ここでは, Web APIを利用して,JSON形式のデータを取得できたものとして演習を行う。"
436,"下の図表5で自分をaとする。自分の2人の友人b,cが共通につながっている人は,自分の友人である可能性が高い。このような人を発見して,おすすめのユーザーとして提案する。"
437,"上の図表5で,自分aのつながりがあるユーザーは,次のような隣接リストで表現できる。 自分 { “ids” : [ “b” , “c” , “d” , “f” ] } 友人b,cについても同様に隣接リストはそれぞれ 友人b { “ids” : [ “a” , “c” , “d” , “e” , “g” ] } 友人c { “ids” : [ “a” , “b” , “d” , “e” , “h” ] }"
438,"とである。SNSでの隣接リストは,Web APIを利用すると同様のデータがJSON形式で取得できる。取得したデータから,次のように提案する。 1.友人b,cの共通の友人を見つける。共通の友人は,[ “a” , “d” , “e” ]である。 2.ここから,自分自身であるaと,既に友人となっているdを除く。 3.その結果である[ “e” ]を共通の友人として提案する。"
439,"プログラムを使って,同様の処理を行うことができる。"
440,"例えば,自分が住んでいる地域の夏の気象の傾向について調べるため,気象庁のウェブサイトから図表1のような日別のデータ(図表1-A)を,また,地域で取引される中古住宅の価格帯の傾向を調べるため,不動産会社のウェブサイトからデータ(図表1-B)を取得したとする。"
441,"データから対象の傾向を分析する場合,1行目にデータの項目名,2行目以降にその項目の値が入力された表を作成する(データの整理)。このように行が観測対象,列が観測項目に対応したデータで表現されるデータセットを構造化データという。"
442,"上記の気象データ(図表1-A)は時点が対象となり,その系列に沿って得られる時系列データといい,中古住宅の取引価格等データ(図表1-B)は時点が固定されて同質の対象(中古住宅)が複数観測されるクロスセクションデータという。どちらも,対象を大量に観察することで対象の傾向を分析することができる。時系列データは時間軸に沿った傾向(トレンド)の分析も行うことができる。"
443,"ここで記録されているデータの項目は,風向き,住宅の構造,内装状況のように分類項目(カテゴリー)の対象によってばらつく質的データと数直線上の値(数量)としてばらつく量的データに大きく分類される。さらにデータは測定される尺度(モノサシ)の違いで次の4種類に分けることができる。"
444,"質的データとして①名義尺度,②順序尺度,量的データとして③間隔尺度,④比例尺度などがある。①名義尺度の例としては,性別などがあり,対象について男,女などの分類をすることができる。②順序尺度の例としては,成績評価などがあり,対象について優,良、可のように分類することができるとともに,優>良>可のような順序構造がある。ただし,優と良,良と可の程度の差が一致する保障はない。③間隔尺度の例としては気温などがあげられる。摂氏と華氏の0が違うなど絶対的な原点はないが等単位制はあるので,データの差は意味を持ち,データの比は意味を持たない。④比例尺度の例としては,身長や体重などがある。0cmや0kgなど,絶対的な0を持ち等単位制もあるので,データの差だけでなくデータの比も意味を持つ。"
445,"尺度が異なれば,分析処理やグラフ表現に違いが出てくる。下記は尺度と分析の方法があっていない例である。 -数字で入力されている名義尺度のデータについて平均を計算してしまう。 -順序尺度のデータをカテゴリー別に集計した結果をカテゴリーの順序を無視して棒グラフや円グラフに表してしまう。(カテゴリーの例として,優,良,可など) -間隔尺度のデータに対して,例えば,気温15℃の地点Aと気温30℃の地点Bについて,地点Bは地点Aより2倍暑いと判断してしまう。"
446,"データ分析では,記録されたデータをそのまま統計処理するだけではなく,適時,欠測値の処理や層別,変数変換,水準化などのデータ変容(マネジメント)を行う。対象によっては,すべてのデータ項目が記録されていない場合もある。そのような記録のないデータを欠測値という。欠測値は,何も記入しないでおく,もしくは欠測コード(例えば999)を入力してデータとして区別できるようにしておく。その際,空白が数値の0や欠測コードが数値と混同して演算されないように注意する。欠測値は分析に際して,(ア)欠測値を含む対象全体の行(レコード)を削除する,(イ)欠測値を近いと思われる値で埋める等の処理を行うが,分析結果を提示する際にはその処理を明記する必要がある。"
447,"層別とは,名義尺度や順序尺度で記録されたデータの値を基に,データの対象をグループに分けて比較分析等をすることを指す。風向別に気温の傾向を比較,住宅構造別に価格の傾向を比較する等である。変数変換とはデータ項目の変換処理のことを言い,例えば,県別データ等で人口規模の影響を取り除いて比較するために人口1000人あたりの県民所得や病院数を算出したり,各住宅に対して床面積1㎡あたりの価格に変換したりするなどのデータ項目の変換処理をいう。水準化(レベル化)とは,量的データをある値でいくつかに区切って,順序尺度(質的データ)に変換することをいう。気温で,対象とする日を普通,夏日,真夏日などとする,世帯別所得金額を基に高所得,中所得,低所得と階級にする等である。"
448,"ここでは量的データの傾向を分析する方法を紹介する。学習指導要領では,小学校で,量的データのばらつき(分布)の記述として,ドットプロットや中心位置を示す統計量(代表値)である平均値・中央値・最頻値を学習する。ただし,最頻値に関しては,離散型データの場合は最頻値,連続型データの場合は階級を取った際の最大度数を示す最頻階級もしくはその階級値を指す。中学校では,度数分布やヒストグラム,四分位数及び四分位数に最小値と最大値を加えた5つの位置統計量(5数要約)を示す箱ひげ図による分布の意味を学習する。高等学校の数学Ⅰでは,分布の広がりを示す統計量である分散・標準偏差,外れ値や統計的仮説検定の考え方について学習する。四分位数はデータを大きさの順に並べたときに,データの個数(相対度数)を4等分する境界値で,データが小さい方から順に第1四分位数(Q1),第2四分位数(Q2)(中央値と同値),第3四分位数(Q3)という。累積相対度数は中学校で学習するが,四分位数はそれぞれ,下側累積25%点,下側累積50%点,下側累積75%点に相当する。四分位数を図示する方法として,箱ひげ図が用いられる。中学では四分位数に最小値と最大値を加えた5つの位置統計量(5数要約)を示す箱ひげ図,高校数学Ⅰでは,第1四分位数から第1四分位数− 1.5 × 四分位範囲(IQR)までの間の最小値,第3四分位数から第3四分位数+ 1.5 ×四分位範囲(箱の長さ)までの間の最大値をひげの両端とし,それ以上離れた値を外れ値として点で示す箱ひげ図(図表2)を学習する。"
449,"箱ひげ図は,箱の部分が分布の中心傾向を示し,ひげの部分が分布の裾を表す。箱ひげ図を並べることで量的データの分布の比較が簡単にできる(並列箱ひげ図)。"
450,"次に,(x,y)の関係性を数学Ⅰで学習する散布図・相関係数によって分析する。散布図上のデータのパターンから,右肩上がりの直線傾向(変量xの値が増えたとき変量yの値が直線的に増える傾向)にあるとき,2つの量的データには正の相関関係があるという。逆に変量xの値が増えたとき変量yの値が直線的に減る傾向にあるとき,負の相関関係があるという。相関関係があれば,次節で述べる単回帰直線(変量xの値が与えられたときの変量yの条件付平均値を表す直線)で,yの予測モデルを作成することができる。例えば,図表1-B 中古住宅の取引価格等のデータで,土地や床面積の広さから価格を予測する直線のモデル式を推測することができる。2変量間の関係は相関関係だけではなく,曲線的なパターンが当てはまることもある。散布図のデータに特段のパターンがない場合,言い換えれば変量xの値が変化しても変量yの分布に違いが見られない場合は,変量xとyの間に関係がない。つまり変量xは変量yの変化を予測するモデル構築に役に立たないということになる。相関関係の強弱と向きは,相関係数で評価できる。相関係数は-1から1の値を取り,符号が直線傾向の傾きに対応する。また,データが直線に近づいて分布するほど,絶対値の大きさが1に近くなる。表計算ソフトウェアのExcelではCORREL関数によって相関係数を求めることができる。"
451,"中古住宅の例では,住宅の価格の違いを住宅が持つ土地や床面積などの属性の違いで説明する予測式を導くことが分析の目的となる。このとき,予測される変量を目的変数といい,散布図ではy軸になる。また予測に用いる変数を説明変数といい,x軸に対応させる。データ(x , y)の間に相関関係があれば,直線(一次関数)y= α x+ βで傾向線を当てはめることができる。この直線を単回帰直線という。データが与えられたとき,データに最も当てはまるように直線の傾き(回帰係数)や切片を求め,傾きの解釈やyの予測を行うことを単回帰分析という。xが与えられたときの直線上の値(モデル値)と実際のyの値との差を残差といい,回帰直線は残差を2乗した値の総和が最小になるように決定されている(最小二乗法)。残差の絶対値が小さいほど回帰直線(モデル)の説明力が高いことになる。このモデルの説明力を測る指標が決定係数R2で,0から1の範囲の値をとる。決定係数の値が1に近いほど,回帰直線のデータへのあてはまりがよいといえる。データ点がすべて直線上にのっている状態,残差がすべて0となる状態では決定係数1となる。"
452,"量的データは,個数などの0,1,2,・・・という整数で表される離散型データと,長さ・重さなどの実数値で表される連続型データに分類される。データが研究対象である母集団から抜き取られた一部分(標本)から得られた調査データや実験データの場合,わたしたちが知りたいのはデータの背景である母集団特性値(母数)である。母数として典型的なものに,離散型データに対する母集団での比率(母比率)である支持率など,連続型データに対する母集団での平均値(母平均)である平均所得などがある。統計的推測とは,未知の母数を全数調査することなく,標本データから推測する統計的な考え方のことであり,母数を点推定や区間推定する推定の方法と母数に関する仮説の真偽を検証する仮説検定(以下,「検定」という)に分けられる。"
453,"検定の考え方は,自動レコメンドや、Webページなどである一定期間にAとBの2パターンを用意しておき,どちらが効果的な結果を残したかによってWebページを自動改善するA/Bテスト等,近年のデータに基づく情報技術を理解する上で重要になっている。中学校では標本調査,高校数学Ⅰでは仮説検定の考え方を学習する。検定は次の手順で行う。検証したい仮説(効果がある,差がある,等)を対立仮説H1と呼び,その反対の仮説(効果がない,差がない,等)を帰無仮説H0と呼ぶ。そして,標本データが帰無仮説上でどのような起こりやすさ(分布)の下で起こっているのかを確率で評価し,非常に小さな確率でしか起こらないことを証拠に,帰無仮説を棄却し対立仮説の成立を主張する。標本データから計算される検定統計量とその分布の違いによって,正規検定(Z検定),t検定,χ 2検定等の検定の種類がある。また,対立仮説の方向によって,両側検定,右(左)片側検定を選択する。検定には帰無仮説が正しいのに棄却してしまう誤り(第1種の過誤α),対立仮説が正しく帰無仮説が誤りなのに棄却されない誤り(第2種の過誤β)の2種類の誤りがある。第1種の過誤αを予め有意水準(検定の危険率)として,5%または1%で定めておき,帰無仮説上の分布で検定統計量の観測値が対立仮説の方向にその値以上にずれる確率(有意確率,p値)が有意水準以下になるとき,「帰無仮説は正しくない」と考え,帰無仮説は棄却され対立仮説を採択する。p値が有意水準より大きくなる場合は,帰無仮説が正しいというより,検出力の問題もあるので,今回のデータは帰無仮説を棄却する統計的な証拠にはならないという判断に留めることが重要である。"
454,"検定の目的とデータの前提条件等に応じて適切に検定の種類を選択すれば,データからエクセル関数等を利用して検定の有意確率を求めることができるので,検定の実行は容易である。"
455,"政府統計の総合窓口(e-Stat)の,次のURLにある平成29年度体力・運動能力調査のテスト項目の年次推移のデータをダウンロードする。 https://www.e-stat.go.jp/stat-search/files?page=1&layout=datalist&toukei=00402102&tstat=000001088875&cycle=0&tclass1=000001119456&second=1&second2=1 「体力運動能力調査 政府統計」で検索し,表示されたページで「平成29年度」を選択し,さらに「テスト項目の年次推移」を選択しても良い。"
456,"「科学の道具箱」の中から「データライブラリ-」のページから,「体力測定データ」を選択,その中の「02.高等学校体力測定データ」をダウンロードする。 https://rika-net.com/contents/cp0530/contents/04-03-01.html"
457,"【政府統計の総合窓口(e-Stat)】 ここでは,16歳男子を対象に分析したいので,それぞれのテスト項目から16歳男子のデータを抽出する。調査項目によっては平成10年度よりも前からのデータも含まれているため,平成10年度以降のものだけに揃える。次の手順で散布図行列を描くため,各項目が列になるように,貼り付ける操作をする際には,「形式を選択して貼り付け」のうち「行/列の入れ替え」を用いて行う。"
458,"【科学の道具箱】 高等学校体力測定データには,高1から高3までの男女のデータが含まれている。その中から「フィルター」もしくは「並べ替え」機能を使って,高1男子のみのデータとする。"
459,"表計算ソフトウェアのExcelでは,2つの項目間の関係を散布図で表したり,相関係数を求めたりすることができる。しかし,一度に複数の項目間の散布図を描くことはできない。複数の2項目間の散布図を行と列に対応させて並べて描画したものを散布図行列,同様に相関係数を行列で表したものを相関係数行列という。散布図行列を描画できるExcelのマクロを用意した。それにより描画した散布図行列は図表8である。相関係数行列はエクセルの「データ」→「データの分析」→「相関」からも作成することができる。また,「科学の道具箱」の「統計グラフソフトを使おう」からダウンロードできる中学生・高校生向けグラフソフトでも散布図行列の作成が可能である。"
460,"上記の2種類のデータは項目も調査対象も類似しているが,一方は年度毎で集計された時系列データ(マクロな統計指標)で,もう一方は生徒一人ひとりを対象としたいわゆる個票とよばれるマイクロデータである。時系列データには,時間推移に伴うトレンド要因(例えば,その期間に全般的に体力や運動能力そのものが低下傾向にあるなど)が交絡因子として,項目に対して共通に関係する場合もあり,単純に散布図や相関係数から項目同士の直接的な関係と一概に判断するのは誤りである。一方で個人を対象としているデータは,項目間の関係はより直接的に解釈できる。時系列データに関しては時点間の変化の関係として傾向を捉える必要がある。"
461,"上記の2種類のデータそれぞれに,単回帰モデルを当てはめ,予測モデルを構築する。まず,時系列データに関しては,横軸Xに年度,縦軸Yに1500m走(秒)をとった散布図を作成する。グラフの点をクリックし,マウスの右メニューで「近似曲線の追加」を選択,「線形近似」を選びグラフに数式とR2を追加すると,図表9-Aが得られる。回帰係数は-0.837秒/年となり,1年あたり記録が平均で0.837秒縮む傾向にあることがわかる。この予測式に,x=30を代入すると,30年度の予測値を求めることができる。また,このモデルの寄与率は50%である。"
462,"次に,個人の体力測定データに対して,立ち幅跳びの記録から50m(走)のタイムを予測する回帰モデルを同様の手順で求めると,図表9-Bとなる。回帰係数は,- 0.015秒/ cmなので,生徒間のばらつきから10cm立ち幅飛びの記録を高くすると,平均で50m走のタイムが0.15秒縮まる傾向にあることがわかる。また,このモデルの寄与率は45%である。"
463,"学習22において説明したように,データには尺度水準を基にすると,名義尺度,順序尺度,間隔尺度,比例尺度の4種類に分けて考えることができる。このうち,名義尺度と順序尺度をまとめて質的データまたはカテゴリ型データと呼ぶことがある。これらは量的データと異なり,一見すると数値で表されている場合などでも量的データと同様の演算や可視化を行うことができないことがあるので注意が必要である。質的データは,実際はテキスト(文字)などで表されるデータもあるが,それに数値が割り当てられている場合も多い。"
464,"例えば,男性に1,女性に0という数値が割り当てられているとき,その数値の平均値に意味はあるだろうか。確かに男女比を計算することが可能であり,プログラミングや表計算ソフトウェアにおいての集計では,よく利用される手法である。ところが,学年の項目に1,2,3などの数値が入力されている場合,これらの総和や平均値は何を意味するだろうか。発達段階を考慮した研究調査ならば,意味を持つ場合もあるかもしれない。アンケートなどを行う際などに仮に番号を付けたものなどについても同様のことが言える。それらの数値が順序しか意味を持たない場合,順序さえも意味を持たない場合などに分けて考えることにより,集計や平均値が意味を持つか否かが理解できる。右下のような主観的な判断を回答させる場合では,①と②では,回答者の意識が異なることなども理解させたい。一般的に,質的データに関しては,量的データと異なる処理と可視化が求められていることを理解したい。可視化に関しては,学習24で扱うこととする。"
465,"従来は,テキストなどの文字データに関しては,質的データとして使われたり,その表示内容として使用されたりすることが主であった。アンケートなどにおいても,選択肢やリッカート尺度などによる項目などの扱いに関しては,集計や分析がなされてきたが,自由記述の文章の分析をコンピュータで行うことができなかったために,人間による読解や手作業による分析や作業に頼らざるをえなかった。"
466,"近年,テキスト処理や自然言語に関するコンピュータによる処理技術が進み,文字認識や音声認識等の自然言語処理などと関連して,アンケート等の自由記述や小説などの長い文章に関する分析をすることも可能になった。"
467,"一般にコンピュータのプログラミング言語と区別して,人間の日常の会話や文章などに用いる日本語や英語などの言語を自然言語と呼ぶ。テキストデータの処理に関しては,英語と日本語では,その特性上大きく異なる。英語では,単語という区切りがあり,単語と単語の間には空白が空いているために単語を区切ることはそれほど難しくない。しかし,日本語の文章では,単語という区切りは,文章上からそのまま見てわかるわけではない。例えば,有名な早口言葉である「すもももももももものうち」などは,単語や品詞としてどのように分解すればよいのか,という処理が必要になる。また,英語でも日本語でも文法があり,品詞がある。また品詞によっては活用形があり,同じ品詞でも見かけ上は形が異なるものもあり,完全一致するものだけ検索することは難しい。"
468,"従来は人間が行っていたこのような処理をコンピュータで行うことで,様々な応用がなされている。アンケートの自由記述やお客様はがき・用紙の意見分析,小説等の作品・作者の傾向分析,Web上の記事の流行や内容の分析, TwitterやFacebook等のSNSなどの発言の分析やトレンドの抽出など,様々な分野で活用されている技術である。"
469,"ここでは日本語のテキストマイニングの基本について考えて,実際に実習をしてみよう。株式会社ユーザーローカルでは,様々なデータ分析のツールをWebベースで提供している。ソフトウェアのインストールなしにデータさえ用意すれば,手軽に利用できるので,授業でも活用できる。今回は,(株)ユーザーローカルのユーザーローカルテキストマイニングツール(https://textmining.userlocal.jp/)を使ってみる。以下のデータはユーザーローカルテキストマイニングツールにサンプルとして掲載されている,太宰治『走れメロス』のデータを分析した結果である。"
470,"ワードクラウド(左図)だけでなく,出現頻度グラフ(右図),共起キーワードなどの様々な可視化が表示される。Twitterの発言内容等も可視化してみると,生徒の興味や関心を高めることができる。そして,その傾向などについて,生徒の主観的な解釈を含めて,考えていくことでテキストマイニングへの理解を深めることが可能である。"
471,"テキストマイニングを中心にテキストデータの分析についての話をしてきた。これらのテキストデータの分析にはどのような応用が考えられるだろうか。例えば,最初にあげた小説の作品分析などでは,文学作品の作者の言葉の使い方などについて分析でき,未発表の作品などについて,その作者が書いたものであるかの真贋を確かめることができる。テキストだけでなく,写真,絵画や彫刻などの作品に関しても機械学習や深層学習などの技術を用いて鑑定することが可能になる。また,後者のようなSNSの発言分析などでは,発言の真偽だけでなく,その発言者の傾向や変化なども分析することが可能になる。これまでは,コンピュータによる分析というと数量的な分析が主であったものが,より人間の判断に近い分析ができるようになったということである。"
472,"また,これらの技術は,音声認識などにも活用されている。コンピュータやスマートフォン,スマートスピーカーに搭載されているAIアシスタント(Siri,Cortana,Alexaなど)も人間の音声をテキストに変換し,形態素解析を行い,意味解釈を行い,その回答を返すように作られている。かつては単なるパターンマッチングであったものが,このようなテキストマイニング技術と機械学習などの技術を融合することにより,人間と同じような機能を持つ機器が登場してきている。"
473,"名義尺度と順序尺度をまとめて質的データまたはカテゴリ型データと呼ぶことがある。これらは量的データと異なり,一見すると数値で表されている場合などでも量的データと同様の演算や可視化を行うことができないことがあるので注意が必要である。"
474,"例えば,クラスの生徒の男女別の身長について可視化するとしたら,どのような図を考えるだろうか。また,生徒の期末考査の英語と数学の成績を比較する際に素点ではなく5段階評定しか使うことができない場合,どのような可視化を行えばよいだろうか。"
475,"前者の例では,質的データ(名義尺度) ×量的データ(比例尺度)と考えることができる。このとき,散布図などの量的データ×量的データの可視化の手法を使うことは望ましくない。適切でわかりやすい表現を行うことができないからである。総務省統計局の身体測定のサンプルデータから,箱ひげ図とヴァイオリンプロットを作成した。ヴァイオリンプロットは箱ひげ図では表現しきれない分布の様子を表すことができる可視化手法である。"
476,"統計処理ソフトウェアRで,箱ひげ図は,以下のプログラムで描画することができる。 プログラム R boxplot(run50m~gender.data=gen_50)"
477,"ヴァイオリンプロットについては,以下のプログラムで描画することができる。"
478,"プログラム R library(ggplot2) ggplot(data=gen_50, aes(x=gender, y=run50m, color=gender)) + geom_violin()"
479,"Rのグラフ描画ライブラリggplot2の導入方法 -初めて導入するとき,RStudioのConsoleから(要インターネット接続) install.packages(""ggplot2"") -導入したものを使用するとき library(ggplot2)"
480,"後者の例はどうなるだろうか。質的データ(順序尺度) ×質的データ(順序尺度)である。ここでは,仮にランダムに40人の5段階のデータを作成した。分割表(クロス集計表とも呼ばれている)は,可視化手法の一つであり例えば図表2のように表すことができる。縦が英語,横が数学である。英語が2で数学が5の生徒は3人いると読み取ることができる。これを散布図で表すこともあるが,図表3のようになり,よく表現できているとは言えない。"
481,"このような,質的データ×質的データにおいては,分割表なども用いることが多いが,端的に可視化するときには,モザイク図や図表4のマリメッコチャートなども用いられる。"
482,データは形式や分析の目的に合った可視化ができる。
483,"前節では,質的データの可視化についての説明をした。数学のデータの分析で学ぶ可視化については,量的データの可視化が主であるために,質的データでも同様の可視化手法を行ってしまうことも多く見られるが,質的データにおいては,それに対応した可視化が存在することを意識させたい。"
484,"さて,表計算やリレーショナルデータベースで表現されている矩形データの可視化については後述するが,別の形式データの可視化についても考えてみよう。例えば,数学の問題集の問題と解法の関係などは矩形データで表すよりも関係図で示すことが適切である場合が多い。"
485,"さて,矩形データに関しては,表計算ソフトウェアのグラフ機能を使って表すことも一つの方法ではあるが,先にあげた統計解析ソフトウェアRなどで記述して,可視化することも可能である。また可視化専用のソフトウェアも多く存在する。Tableau(タブロー)Desktopは,Tableau社が提供している可視化ソフトウェアである。教育機関での授業での利用や学生が使用する場合は,無償のライセンスを提供するTableau Academicプログラムがある。Excel,CSVなど様々な形式のデータに対応しており,データを読み込んだ後は,ドラッグ&ドロップやダブルクリックなどの操作で手軽に可視化することが可能である。BI(Business Intelligence)ツールとして提供されているツールであり,企業の経営意志決定に使える本格的なツールとしても有名なツールである。チュートリアルビデオなどもあり,使い方を自学自習で学ぶことができ,Excelなどで,データの加工やクリーニングを行い,Tableau Desktopで可視化するというような使い方もできる。また,Excelなどのデータを読み込んだ時点で,データの項目を市町村別就業人口などの分析の切り口であるディメンションと市町村ごとの就業人口などの指標であるメジャーに分けてくれる,これは少し異なる部分もあるが,質的データと量的データの判別をしてくれるとして考えてもよいだろう。また可視化の種類を選択する際にもメジャーを選択するのかディメンションを選択するのかのガイドも表示してくれるので,わかりやすい。"
486,"通常の矩形データでもTableau Desktopで使用することは可能であるが,更に様々な情報を付け加えると更に表現力が広がる。郵便番号や都道府県,市町村名などを含めることで地図上にグラフを表示することなども簡単に行うことができる。"
487,"データの可視化は何のために行うのだろうか。可視化することによって,問題を発見することができ,それに対して詳細な分析や解釈,解決策を考えることができるからである。ここでは,統計解析ソフトウェアRのggplot2というパッケージに含まれているdiamondsサンプルデータを用いて説明しよう。このデータは,実際に米国で流通したダイアモンドのカラット,カット,透明度,大きさ,価格などを含んだ数万件の大きなデータである。"
488,プログラム ```R
489,library(dplyr) library(ggplot2) diamonds ```
490,実行結果 ```
491,carat cut color clarity depth table price x y z 1 0.23 Ide… E SI2 61.5 55 326 3.95 3.98 2.43 2 0.21 Pre… E SI1 59.8 61 326 3.89 3.84 2.31 3 0.23 Good E VS1 56.9 65 327 4.05 4.07 2.31 4 0.290 Pre… I VS2 62.4 58 334 4.2 4.23 2.63 5 0.31 Good J SI2 63.3 58 335 4.34 4.35 2.75 6 0.24 Ver… J VVS2 62.8 57 336 3.94 3.96 2.48 7 0.24 Ver… I VVS1 62.3 57 336 3.95 3.98 2.47 8 0.26 Ver… H SI1 61.9 55 337 4.07 4.11 2.53 9 0.22 Fair E VS2 65.1 61 337 3.87 3.78 2.49 10 0.23 Ver… H VS1 59.4 61 338 4 4.05 2.39
492,```
493,このデータをもとにダイアモンドのカラット数を0.01刻みでグラフを描くと面白いことが分かる。
494,"プログラム R smaller <- diamonds %>% + filter(carat < 3) ggplot(data = smaller, mapping = aes(x = carat)) + geom_histogram(binwidth = 0.01)"
495,"このグラフは,なぜか右側に裾を引くような形を繰り返している。これも不思議な現象であるが,このグラフに関して,話し合い各自の解釈を考えることも大切な実習である。グラフの表示結果は,客観的であり,みな同じものが表示されるかもしれないが,それぞれの読み取り方(解釈)を重視することもデータの分析では大切なスキルの一つである。"
496,"次のプログラムは,横軸にカラット数,縦軸に価格として散布図を描くためのものである。このグラフから問題を発見することも可能である(グラフは省略する)。"
497,"プログラム R library(ggplot2) ggplot(data = diamonds) + geom_point(mapping = aes(x = carat, y = price))"
498,"数学科の授業の過程で数万個のデータを描画することは考えにくい。データが多いからこその問題も見つけることができる。点が重なってしまって,どこに点が集中しているのかが分からなくなる場合もあるが,現実社会で扱うデータでは,このようなことはよく見られることである。"
499,"次の問題も問題提起である。下の箱ひげ図は,横軸にダイアモンドのカット(cut),縦軸に価格(price)を設定して描いたものである。横軸は右に行くほどカットの質が上がる。"
500,"プログラム R ggplot(diamonds, aes(cut, price)) + geom_boxplot()"
501,"これは不思議な現象に見えるだろう。カットの質が上がるほど,価格が下がっている。色や透明度の高さなどでも同様の逆転現象が起こる。ヒントは「交絡因子」である。交絡因子とは,対象としている2変数と相互に相関の高い隠れた変数(因子)のことである。"
502,"可視化はデータの分析の一部でもあり,問題の発見や現象の説明に活用することができる。また,予測を立てることにも活用することができる。"
